index	label	text
1	0	ACFTFLGECGPEPFTGSNADCLACCVALYKSPPVCAGRVEGVPAHCHCYKS
2	0	ADDRCERMCQRYHDRREKKQCMKGCRYG
3	0	ADPTFGFTPLGLSEKANLQIMKAYD
4	0	AEEMGKGEVTISLRCKTKTECLKNIACEACVDCRCDKGICKCHGFTAETNNPTV
5	0	AETTKFSYDHCFHLCVEGEYGSRECFVDCTQKGFWHGVCANKTTAKDPIHCCCYN
6	0	AFGCPFDQGTCHSHCRSIRRRGRRCASFAKRTCTCYQK
7	0	AFVLDADNLIPKKITFGEGSQYGYVKVEGDALSDTLEKIDYETKLVSAPSSSTIIKTTSKYHTKGDVEIKEEHVKAGKEKAAHLFKLIEGYLKDHPSEYN
8	0	AGETHTVMINHAGRGAPKLVVGGKKLS
9	0	AIGFDGLNDPDIVAR
10	0	AIPCGQVNSALASCVSYAKGSGASPPGACCSGVRRLAGLARSTADKQAACRCIKSAAGGLNPGKAASIPSKCGVSIPYSISASVDCSKIH
11	0	AKKWFW
12	0	AKRHHGLNCAKFH
13	0	AKRHHGYHRKFH
14	0	AKRHHGYKR
15	0	AKRHHGYKRK
16	0	AKRHHGYKRKFHAKRHHGYKRKFH
17	0	AKRHHKYHRKFH
18	0	AKRLLGYKRKFL
19	0	AKRYYGYKRKFY
20	0	ALGVPLKRK
21	0	ALLHHGYKRKFH
22	0	ALQGAKERAHQQ
23	0	ALSFLFLFLFVAQEIVVTEANTCEHLADTYRGVCFTDASCDDHCKNKAHLISGTCHNFKC
24	0	ALYNSEDLYEETSDSDD
25	0	ANFEIVNNCPYTVWAAASPGGGRRLDRGQT
26	0	ANKRCHLNQMFTGKCGNDGNKACLGDFKNKRFRYDLCQCTDATQISPSLPPQRVCNCSRPC
27	0	AQKCGEQGRGAKCPNCLCCGRYGFCGSTPDYCGVGCQSQCRGCR
28	0	AQQHHGYKQQFH
29	0	ARCENFADSYRQPPISSSQT
30	0	ARIQESTNDILKPITCNTNADCAKFCKGPIHNCVYHTCQCVPGNPHCC
31	0	ATFTIRNNCPYTIWAAAVPGGGRRLNSGGTWTINVAPGTA
32	0	ATITFTNKCTRTVWPGG
33	0	ATKVKAKQRGKEKVSSGRPGQHN
34	0	AVSCGDVTSSIAPCLSYVMGRESSPSSSCCSGVRTLNGKASSSADRRTACSCLKNMASSFRNLNMGNAASIPSKCGVSVAFPISTSVDCSKIN
35	0	CCNKGKNKGSH
36	0	CIANRNGCQPDGSQGNCCSGYCHKEPGWVAGYCR
37	0	CIKNGNGCQPDGSQGNCCSRYCHKEPGWVAGYCR
38	0	CIKNGNGCQPNGSQGNCCSGCHKQPGWVAGYCRRK
39	0	CIKNGNGCQPNGSQGNCCSGYCHKQPGWVAGYCRRK
40	0	CKYKAQ
41	0	CKYKAR
42	0	CKYKWR
43	0	CKYLLKWR
44	0	CKYLLRWR
45	0	CKYRWR
46	0	CMSTRGDQARKICE
47	0	CPAIQRCCQQLRNIQPPCRCCQ
48	0	DAEDLARYYSALRHYINLITRQRY
49	0	DAIWNLLRQAQEKFGKDKSPK
50	0	DASCLTTKECVVRCSDEDAQCIHGECHCPHLKVDIEPTKAIRCKTDLDCPDPHQCPKYDYYACLNNGECTCISV
51	0	DCKHPVGPYTDSCFTDCVSGKYGYNYESAFCSRDETGTCKICCCELINE
52	0	DEGKRCHTTIDKGNFCDLVDCRLSCFSGYNGVGKCFDDPKVPGRSNCGCLYNC
53	0	DERCTIIIHPGSPCDPSDCVQYCYAEYNGVGKCIASKPGRSANCMCTYNC
54	0	DGIWKLLSKAQEKFGKNKSR
55	0	DGKEDLIWKLLSKAQEKFGKNKSR
56	0	DHHDGHLGGHQTGHQGGQQGGHLGGQQGGHLGGHQGGQPGGHLGGHQGGIGGTGGQQHGQHGPGTGAGHQGGYKTHGH
57	0	DICQTDRDCVEIGIPRCKRTGKMPICYNGYCCCICSAKRLPASTTRKPPSPSTSKLV
58	0	DKLIGSCVWGAVNYTRNCNAECKRRGYKGGHCGSFANVNCWCET
59	0	DKLIGSCVWGAVNYTSNCNAECKRRGYKGGHCGSFANVNCWCER
60	0	DKLIGSCVWGAVNYTSNCNAECKRRGYKGGHCGSFANVNCWCET
61	0	DKLIGSCVWGAVNYTSNCNAECKRRGYKGGHCGSFANVNCWCQT
62	0	DKLIGSCVWGAVNYTSNCNAECKRRGYKGGHCGSFLNINCWCET
63	0	DKLIGSCVWGAVNYTSNCNAECKRRGYKGGHCGSFLNVNCWCET
64	0	DKLIGSCVWGAVNYTSNCRAECKRRGYKGGHCGSFANVNCWCET
65	0	DKLIGSCVWGAVNYTSNCRAECKRRGYKGGHCGSFLNVNCWCET
66	0	DKLIGSCVWGAVNYTSRCNAECKRRGYKGGHCGSFANVNCWCET
67	0	DKLIGSCVWLAVNYTSNCNAECKRRGYKGGHCGSFANVNCWCET
68	0	DKRCSIIIDLSPCYPIECRLSCITERNGDGECVVSKVGSTPNCLCTYDC
69	0	DLIGKLLSKAQEKFGKNKSR
70	0	DLIWGLLSKAQEKFGKNKSR
71	0	DLIWKLLSAAQEKFGKNKSR
72	0	DLIWKLLSGAQEKFGKNKSR
73	0	DLIWKLLSKAQEAFGKNKSR
74	0	DLIWKLLSKAQEGFGKNKSR
75	0	DLIWKLLSKAQEKFGANKSR
76	0	DLIWKLLSKAQEKFGGNKSR
77	0	DLIWKLLSKAQEKFGK
78	0	DLIWKLLSKAQEKFGKNGSR
79	0	DLIWKLLSKAQGKFGKNKSR
80	0	DPAEDLARYYSALRHYINLITRQRY
81	0	DQTDKYCTIIIDPRTPCDLVDCRLSCYTGYNGVGKCIASKASRTPNCVCTYNC
82	0	DRCSQQCQHHRDPDRKQQCMRECRRH
83	0	DSHAKRHHGYKIKFHEKHHSLRGY
84	0	DSHAKRHHGYKIKFHENHHSHRGY
85	0	DSHAKRHHGYKR
86	0	DSHAKRHHGYKRKF
87	0	DSHEERRQGRHGHHEYGRKFHEKH
88	0	DSHEKRHHGYKRKFHEKHHSHRGY
89	0	DSHEKRHHGYRRKFHEKHHSHREFPFYGDYGSNYLYDN
90	0	DTCHEYLYPEKCENNQCNSECATKFKEVGVFGFCVPPRSEPTEQFCICSYNC
91	0	DTLIGSCVWGATNYTSDCNAECKRRGYKGGHCGSFLNVNCWCEE
92	0	DVLASSDIYICVTVIETTKNDVCSTPCTIRYGTFECFHDCILEHYRDGNCINGRCCCK
93	0	DVLVSSVIETSKNDVCFIPCTRRYGDWECYDDCLGKNFNDGGCVDGRCCCKK
94	0	DYKFHVCDPSFDEKDCDFECKEFGHPGGYCRPDRVQPRIRMCYCTDR
95	0	EAAGERRQWCPSKQQVFRGSCSDDGGQKCLNDLLWTWNPSVRLSPIYCDCTPKRHNKRLCDCPSMICL
96	0	EAEKCFKWQRNMRKVRGPPVSCIKR
97	0	EALYNSEDLYEETSDSDD
98	0	EAPAEDLARYYSALRHYINLITRQRY
99	0	EATKCFEWQRKMRKVRGPPVSCIKR
100	0	EATKCFQWQREMRKKRGPPVSCIKR
101	0	EDRSKLIPIGPCSKIANCNQTCIESQFLGGKCIKWYPDSIKETCACLVKPSITHV
102	0	EESRMNINAERRPWCPSKIQMFDTNCEVDGAKQCLDLLISTWDPSVRLTRVSCICSDFPYRNMMCSCPNMICP
103	0	EGRERDHELRHRRHHHQSPK
104	0	EGRERDHELRHRRHHHQSPKSHFELPHYPGLLAHQKPFIRKSYKCLHKRCR
105	0	EKLCERPSGTWSGVCGNNNACKNQCINLEKARHGSCNYVFPAHKCICYFPC
106	0	EKLCTTIGDLDGKCSQDGEKLCMRYMTDQSKKKFLSCTCNNVVMLHKYKHYCECQSHCTPKQT
107	0	EKLSMDPTRRPWCPSKKQMFGGNCGNDGDSLCLMLLAASWDESLRHSSISCNCTTYPNYKILCSCPNMICP
108	0	EKLTTCSRFLSQKSGKCVKEDCDRMCKQKWPGKYTVGHCYGQFKDAKRCLCSVCGPDRQPP
109	0	EKRPWCPTRKQIFDGSCNRTDYTQCFNDLRNTWDDIGDLCPTDCTCTPQPQNKRLCYCRYLPCPST
110	0	ELVLPCKTTYDCVNLPCLGRPPLCINGQCKCTTTLTHQAKLDNLRTMNDAKTCKYTSDCDPRMRYSCVSGSYICLNGFCTCT
111	0	ENCGRQAG
112	0	ENGIMIGEAKKCSNSWICEGDEKCKEKCMADYKGNGTCYYPSPPSKQHPEFFYPTCWCGFDC
113	0	ENQKMVGEAKQCKTGWACFGEDACKEKCMAKYKGVGTVTYFPFPPETIIIYCECLYDC
114	0	EPAEDLARYYSALRHYINLITRQRY
115	0	EPQCIGSCEMLADCNTACIRMGYLFGQCVGWKTPDMCCCNH
116	0	EQCGRQAGGATCPNNLCCSQYGY
117	0	EQCGRQAGGKLCPNNLCCSQWGWCGSTDEYCSPDHNCQSNCKD
118	0	EQCGRQAGGKLCPNNLCCSQYGWCGSSDDYCSPSKNCQSNCKGGG
119	0	EQPGGDKVNLGYFTN
120	0	ERIDICFIPCTRRYGDYECWFDCTYNRYKEGGCVEDVVVKHNRNRPTFRAVELCFFSIKFMYDFSMK
121	0	ERILSILRHQNLLKE
122	0	ESVIEPAKYGACLFLCDARRDDHACFYDCTNVAIYRTGHCVGNPPRCCCIRG
123	0	EVCEKASKTWSGNCGNTGHC
124	0	EVLVAPVIETAQNDVCFVPCTSRYGHYECAFDCMHKRYKDGGCVHGRCCCKT
125	0	EWEPVQNGGSSYYMVPRIWA
126	0	FFKKLFLRASNIMIKSISEGKSQFSGPALSPNIDPADEHIGHSPEDMKIIFCQQCAFHCIEKKKNIAHCENSICRCTLEDIL
127	0	FIGMIPGLIGGLISAFK
128	0	FKCKKVVISLRRY
129	0	FKIHEVPEPTGKWCGYSVPMKPCINDDRVKRCIAENTHGWLMATGMCTSIPSLKDCYCMHQCP
130	0	FKLFKKILKVL
131	0	FLPIIASLLGKLL
132	0	FLPIIASLLSKLL
133	0	FRLHF
134	0	FRLKFH
135	0	FSPEDCLDDVGWILICTKPTCKFSCWTSRSVNKGRKMQDYWCSDSNTCHCVFCTGD
136	0	FSVQIGISVQAAPPTCGRDCTEKFLTQDCDKYCVGLSYKKGVCILSEGLPPKTSTYRCCCS
137	0	FTIAEPYIHPCMKGFCSFKSECANKCIFMGHHKGGDCIGGLDGIYCCCLA
138	0	FWSFLVKAASKILPSLIGGGDDNKSSS
139	0	GAKERAHQ
140	0	GAPPQDCWNLVTFPAKCGIHGKKKCFKEMESKYQQRFLQCTCKNLKPEPKSPKDEHDCTCQRANPYECNS
141	0	GAPSITCVRRAF
142	0	GATIKKCVVDVKLSKPCTFQECQPLCLQKYNGNGLCPGDDNNICACVYNC
143	0	GDGTGPGPGP
144	0	GGVWNLNVNPGTTGARVWARTK
145	0	GILDSFKDVAKGVATHLLNMAKCKMTGC
146	0	GILGKIWEGVKSLI
147	0	GIVEQCCASVCSLYQLENYCN
148	0	GKCEWQGGQLNCIAT
149	0	GLDPMAANLRVRKDIFIGGCGRDGNKTCMKDFVKKGGVMNKPISCECDNLGYEHLCRCNFS
150	0	GLIWKLLSKAQEKFGKNKSR
151	0	GLVRICNHRIEGYGTCGPNGRKICLDAFWKNQPSPGLSKNLEGCQCEDRRKRPQFKGLSHSCSCCWSYQGNSDE
152	0	GNEGGGHGGHGGYGGYHHHGGGGGGYGGYHGGGGS
153	0	GPCASDHNC
154	0	GPCFSGC
155	0	GPLQLSWNYNYGAAGK
156	0	GRCRDDFRC
157	0	GRCRDDFRCWCTKRC
158	0	GRCRGFRRRC
159	0	GRCRGFRRRCFCTTHC
160	0	GSCGAPISKYDFQVLAKRPPPCRRPRLENTEDVTHTTRP
161	0	GSCGASIAEFNSSQILAKRAPPCRRPRLQNSEDVTHTTLP
162	0	GTCKAECPTWEGICINKAPCVKCCKAQPEKFTDGHCSKILRRCLCTKPC
163	0	GVCDMADLA
164	0	GVGYKVVVTTTAAADDDDVV
165	0	GWGSFFKKAAHVGKHVGKA
166	0	HCDHFLGEAPVYPCKEKACKSVCKEHYHHACKGECEYHGREVHCHCYGDYH
167	0	HDSECLKEYGGDVGFGFCAPKIFPTICYRNCQKDKGANGGKCLWGEGGKVKCLCDFCSNESFNQFISLT
168	0	HEEPKVAPTEELMFAPSNQPRYCRSRQVFDGSCTDRGTPRTTCFLDFLGARSASEMPKNCDCTPQPNNKRLCECSVICTDCCVKN
169	0	HHGYKRKFHEKH
170	0	HKKHKK
171	0	HKKHKKHKK
172	0	HKKHKKHKKHKK
173	0	HKKHKKHKKHKKHKKHKK
174	0	HNFLPCVITNDCEYHHCSSGTVLCVNRQCHCSRSSTHQTKLDNLKKMDYAKKCKWTKDCDPRMRFTCVSGSYMCFDGLCTCTN
175	0	HVCLMSFGSSYRVGVHITHEKVAACPRQNQRLYSCDSLRILYHYSCLTTRDLLYICDCSDFENIICLIRLLLNLDFVEVKLV
176	0	HVREVKSVETKAKRVKKVCEKAQVFEQNCGWDGNKTCIRGFNKIKEYPFHCECGIYDAPNSRRICKCKFPYSPC
177	0	IAGAHKCKPCYGYKTNSCCNSPN
178	0	IATSPYYACNCPNNCKHKKGSGC
179	0	IATSPYYACNCPNNCKHKKGSGCKYHSGPSDKSKVISGKCEWQGGQLNCIAT
180	0	IDAGIKGFDTDHCDTRCYGRDECMNYCIKAGFPKGGQCGSLCIPCGFKCCCQK
181	0	IDVHDAMCYRSECTSVCDQICLSHGYTNGWYCGTFRLHTGCCCLKKKELNQIISPSKN
182	0	IHVEQAGVCEFTGEFPGKCGNNGRKMCVEAMNKKNKGSPGENKKNLRCECFDNPVVILGRPKRICRCRNNC
183	0	IITKTMNSKETIYLDNPAVSPSIDQNLVDIHLGHSFVQGVMSFCYDCGKACFRRGKNLARCQKFVCRCTISKLR
184	0	IITKTMNSKETTYLDSPAVSPSIDQYLVDIHLGHSFLQGVMSFCYDCGKACFRRGKNLARCKKFVCRCTKSGIK
185	0	ILIKESSEEERIYPFNPVASPFDPRSLNQILKIGKIGYCFDCARACMRRDRYIRTCSFERKLCRCSYSHIHHTHG
186	0	ILINESSDEERTYSFSPTTSPFDPRSLNQELKIGRIGYCFDCARACMRRGKYIRTCSFERKLCRCSISGIK
187	0	ILINESSDEQRIYSFSPTTSPFDPRSLNQELKIGRIGYCFDCARACMRRGKYIRTCSFERKLCRCSISDIK
188	0	ILINESSDEQRIYSFSPTTSPFDPRSLNQELKIGRIGYCFDCARACMRRGKYIRTCSFERKLCRCSISGIK
189	0	IPRGWQEPCFCPSKNPYCDCGDDLQVPTTSVISPKPIIEQCARCERNSQCNKVCPATCKYKVCIFNRTCEFSTCHCYRC
190	0	ITCGLVASKLAPCIGYLQGAPGPSAACCGGIKSLNSAAASPADRKTACTCLKSAATSMKGINYGKAASLPRQCGVSIPYAISPNTNCNAIH
191	0	ITCNDVTGNLTPCLPYLRSGGKPTPACCAGAKKLLGATRTQADRRTACKCAKTAAPQLKVRPDMASSLPGKCGISTSIPINPNVNCNTIP
192	0	ITVQADCIGPCNDDCQQLCKSKGYTDWTCASFRTKSSCCCKPPRHQIFEQNAQLNN
193	0	IVCNFEGHCVTSDDCINVCKSGEDPFLCVRSGPHKGMCCCLKTNGSVLE
194	0	IVMKSSNSKERTYPVTPALNPLTGQHSLRQRQLIFCDECANACFRRKKPVRSCQRFICRCAIRDVGY
195	0	KACPRNCDTDIAYMVCPSSGERIIRKVCTNCCAAQKGCKLFRSNGSIKCTGT
196	0	KAEDLARYYSALRHYINLITRQRY
197	0	KAPAEDLARYYSALRHYINLITRQRY
198	0	KDDKFICVVEYGGDVGPTFCNPKFFPTLCRQNCRSFKGAKGGKCVKQPKHKHIKCFCDYCKDD
199	0	KDIDGRKPLLIGTCIEFPTEKCNKTCIESNFAGGKCVHIGQSLDFVCVCFPKYYI
200	0	KDKECLKGYIDAPLSYCMARIYPSLCYRNCRFYKGAKGGKCDGLKCFCDFCSDKPF
201	0	KDLHTVVSAILQA
202	0	KEDKECNDSKCLPNPSRINLEEGNIKRIDVNHGGICDTYLECGGLACSDYRRACCVNGKCVCRKQGQTLPDCPN
203	0	KEDLIWKLLSKAQEKFGKNKSR
204	0	KELKWCPSKDVFNGSCTDTGSPSYTCFLDLLGSKSASAMPKNCKCTPLPHNRRQCDCFVVCDSN
205	0	KICEALSGNFKGLCLSSRDCGNVCRREGFTDGSCIGFRLQCFCTKPCA
206	0	KIVKRMQVGPSECVYRGRCRDSYECRSRCGPPEFSHETLGLCMFDYDDYEYFCCCTTNY
207	0	KKAAHVGKHVGKAALTHYL
208	0	KKFFRAWWAPRFLK
209	0	KKFFRAWWARRFLK
210	0	KKPPCLEGRTAYVSPGPCSNSLCTQDCRPAGYHTGKCKVEWSTPICKCYGCRKV
211	0	KLCERPSGTWSGVCGNNGACRNQCIRLERARHGSCNYVFPAHKCICYFPC
212	0	KLCERPSGTWSGVCGNNNACRNQCINLEKARHGSCNYVFPAHKCICYFPC
213	0	KLCERSSGTWSGVCGNNNACKNQCIRLEGAQHGSCNYVFPAHKCICYFPC
214	0	KLGVALKRK
215	0	KLGVPLKRA
216	0	KNKKVVIIPGPKGERPDIKVVEGPSTVEDDFCYDCVRRCMVKGVGFYFRSCKGFVCRCYYPFMGGYGP
217	0	KNWKKILGKIIKVVK
218	0	KNWKKILKKIIKVVK
219	0	KPRGKRPQSNFHAKRIRTVLQTLLVMLCTDYRCDKGLCKCHGFGGEKENPTAAPLTA
220	0	KQRLCIKVLTNASHVSKGASTCDSKLCTSLCEKISPQGVSFCKPIATTGQSKKGNPVCNCRYWCRSDGTPHTT
221	0	KRCHLTIDKATACSLSDCRLSCYSGYNGVGKCFDDPKVAGPSNCGCIYNC
222	0	KRDPQQREYEDCRRRCEQQEPRQQHQCQLRCREQQRQHGRGGDMMNPQRGGSGRYEEGEEEQS
223	0	KRHCSTIILPESPCVPQDCVEYCFEEYNGGGTCIASKTGRTTNCMCTYNCHGNNL
224	0	KRHHGYKRKFH
225	0	KRHHGYKRKFHEKHHSHR
226	0	KRLFKKLKFSLRKY
227	0	KRLFKKLLKFSLRKY
228	0	KRLFRRLLFSMKKY
229	0	KRLFRRWQWRMKKY
230	0	KSCCRTTLGRNCYNLCRSRGAQKLCSTVCRCKLTSGLSCPKGFPK
231	0	KSMAKAQGGWYLVEGLCSKFPDCNKHCKEQGFLGGQCLKLGVNMLCFCIHT
232	0	KSMNPTGRRCPDPNGVEKKSMCYSSCKTQGFMGGSCQGHKGNYMCECYEG
233	0	KSMVEVNAAHKWYIVEGLCSKFPDCNKHCKEQKFPGGTCLKLGVNMMCTCIYS
234	0	KSTCKAESNTFPGLCITKPPCRKACLSEKFTDGKCSKILRRCICYKPCVFDGKMIQTGAENLAEEAETLAAALLEEEMMDN
235	0	KTCENLADTYKGPCFTTGSCDDHCKNKEHLRSGRCRDDFRCWCTKNC
236	0	KTCENLSGTFKGPCIPDGNCNKHCRNNEHLLSGRCRDDFRCWCTNRC
237	0	KTCKLFRGECPVDPCEPEKCDECCKATFGKQICGKCEQESTELHCHCRR
238	0	KTCSDGWTCLGPKEEDKCKENCMAKHKGVGTCNLYTIPEFPAPITYYMCDCMFDC
239	0	KTCSDGWTCVGEDKCKVNCMAKHKGVGTCTLYIIPSFPAPITSYICDCMFDC
240	0	KTKWGCDMNRPFPGKCGTNGKDTCISDIKKMPGAPKDLVVRCECSQRFVWKGYPPERLCKCQYDC
241	0	KTNFDCVNLKCPTPFVTPKCVSGGCECPLKELLTLLSDTNYGVAACIDYCKAKGENAYTCILNHCYCRKPSM
242	0	KTVAGFCIFFLVLFLAQEGVVKTEAKLCNHLADTYRGPCFTNASCDDHCKNKEHFVSGTCMKMACWCAHNC
243	0	KVPCLSRMFNKNNTCSFLRCEANCARKYKGYGDCRPGDRPHDKKDSLFCFCNYPC
244	0	KWKLFKKLPLIGRVL
245	0	KWRRKLKKLR
246	0	KWRRKLKKLRPKKKRKV
247	0	KYHSGPSDKSKVIS
248	0	KYHSGPSDKSKVISGKCEWQGGQLNCIAT
249	0	LCKRESETWSGRCVNDYQCRDHCINNDRGNDGYCAGGYPWYRSCFCFFSC
250	0	LCPLDVLQLSSELLDIDGNEVEASRILSDITAFGGIRCPLTVVQSRGIGTIISSPYRFIAEGHPLSLKDMDGWFRVSDDEFNNYK
251	0	LDEPNMDTISKSREYKCKIDLDCSNHIACRHCSYRNCKCDHGTCKCMP
252	0	LDSLSFSYNNFEEDD
253	0	LEGESKVSGQVRDETPHTWYCKYDDNCRENCPGCTITKCNYGVCICSNCYHQQSDLGVESHM
254	0	LEYKGECFTKDNTCKYKIDGKTYLAKCPSAANTKCEKDGNKCTYDSYNRKVKCDFRH
255	0	LEYWGKCTKAENRCKYKNDKGKDVLQNCPKFDNKKCTKDGNSCKWDSASKALTCY
256	0	LGTSPYCEKVLSRFAPPGNCLKKNGNALCKESCANEQFREGVCLHLPKPQSKLNCYCSVLKCP
257	0	LISDKCTEGCKSTIGCNTRCMMRGGGYCESAKIHGAVKIFCCCNNYSNSPISSPVIN
258	0	LIWKLLSKAQEKFGKNKSR
259	0	LIYAKVECLTTGVRTYVGKQSWPELVGTKGKTAAATIDKENTHVTAVLCPPLTTLAACRTFDFRCDRVRVLINRIGGVVTKTPTVG
260	0	LLFGKIISRLLGN
261	0	LLSKAQEKFGKNKSR
262	0	LMDSMPQRHPVEGWCKRPLPNQKPGPCNNDRCSARCKEQKQFEFKGGKAMGICSSENRCLCTFRCR
263	0	LPMTHGGKPGYGIERTIIRPEWRCYVDEGCPKGQGAPCEKNCKNVADYGICIGIKCCCFDVIPVPPT
264	0	LPSDATLVLDQTGKELDAR
265	0	LPSSVINGFGYDYCIVECSITFLDDACKPLCIDRGYSDGGCIGLSPHFKCCCKK
266	0	LPTTARSPGYEIGPQRRRRVTCFSFSFCKPARGLASCDLFCKRLKFESGLCTGDLEKCCCIDYIN
267	0	LQDLALQGAKERAHQQ
268	0	LRRLLRRLLRRL
269	0	LSKYGGQCSLKHNTCTYLKGGRNVIVNCGSAANKRCKSDRHHCEYDEHHRRVDCQTPV
270	0	LSKYGGQCSLKHNTCTYLKGGRNVIVNCPWFWNKKRCKSDRHHCEYDEHHRRVDCQTPV
271	0	LSNSDALASSVIETTKNDVCSTPCTIRYGTFECFQDCILDHFRDGNCINGRCCCKY
272	0	LYMCVSSTCVIQWCAIQCKRKEANGIGTCKPRPNQGKIQYRKLKEECHCVYKCS
273	0	MAASKTTIFIVFVLCLSCTLLVNISGIQATSSTLKESLTAEIKPTKVDRCKTDRDCPQSHRCQKDFYYGCVVGECICRAV
274	0	MAGFSKVVATIFLMMLLVFATDMMAEAKICEALSGNFKGLCLSSRDCGNVCRREGFTDGSCIGFRLQCFCTKPCA
275	0	MAGIANGVGLLISFMLICGGMPKGHALGTSPYCEKVLSRFAPPGNCLKKNGNALCKESCANEQFREGVCLHLPKPQSKLNCYCSVLKCP
276	0	MAGKGVGSRLSTLFLLVLLVITIGMMQVQVAEGRMCKTPSGKFKGYCVNNTNCKNVCRTEGFPTGSCDFHVAGRKCYCYKPCP
277	0	MAGKGVGTPLSALFLLVLLVVTIGMMEVQVAEGRMCKTPSAKFKGYCVSSTNCKNVCRTEGFPTGSCDFHITSRKCYCYKPCP
278	0	MAGLKVFSFALLLILTFSLIDVEGYNVENGGSLCCNNHPKFGKCNTKNDDQRCNSWCLNGCDNGKGGYCKSMSHGGQCHCYC
279	0	MAIKKFSSLLLPLLMVLALVVLPIISGRTQEHPCQDYRLGCKSRDVCNAKCLSLGYVKGGDCVTFAFPICCCKINFGFQDDSPISSPIFTD
280	0	MAITKKCFAAFVLILLFVMPFVYCSELDNTSGFEIKQEDKCYGPEPCKNGYEGCLFFCVRIAYYLYGECTMKPDHQKHCCCVTK
281	0	MAITKKILLPFVLTILFVISSVHCSDDTQGFGIKQEYKQCYTPDPCRKGGNDECERFCVAKSGLLYGKCINDGSKDVCCCLTK
282	0	MAITKKNLIAFVFTILFVISYVHCRSTSDIVSGSGIKEDEHVCFKTSPCLPEVGGEKGCIAFCSRMKFTTGLCLGSVVCCCYT
283	0	MAITKTSATFVLLIILAASLSNFNVLASDIKPTGRIDNQCKRMCSATYGNGKCAADCRSDGFSSGQCFTSPPFDNRCCCNN
284	0	MAITMRTLVAFVFTIFFIISFVHSRTTTSGYGMLFDSVACEGGFEYCPRGGGNDKCTTFCRSLPNKYDFGVCDKIYACCCHINV
285	0	MAKAASTLVFPIIFLVMFALIEQNMGCMAVLGSCGVITDCSGSCKTKFGQDASGDCDRDGGQGTCMCGYPCPHDKLHM
286	0	MAKAIVSIFVVFFIFFLVISDVPEIEAQGNECLKEYGGDVGFGFCAPRIFPTICYTRCRENKGAKGGRCRWGQGSNVKCLCDFCDDTPQ
287	0	MAKAPSPLVFPIIFLIIFALVEPNMGCIQIIGRCIKIPDCSASCRKFLGPHASGYCDNDGAGGTCICTYPCQTKEIHM
288	0	MAKASSTLVLSIIFLVMFALVEQNMGCTATMGPCEKDKSCSATCRATFGDRANGFCDYSTSTSPGGECTCVYHCPPVVPHESHL
289	0	MAKATSSLVVPIIFLVIFALVEQNMGCNDYIVGDVCVHCRERCLRYYPVTRKAECYRNHCLCIGPCPDDRPHKRFQMLNSSKNVKAQILS
290	0	MAKATSSLVVPIIFLVIFALVEQNTGCFDYDVYQPCDHCRERCLKYYPVTRKAICRKNHCVCIGPCPDDKAIPDVKLFKNVKEQILS
291	0	MAKATSSLVVPIIFLVIFALVEQNTGCFDYDVYQPCDHCRERCLKYYPVTRKAICRKNHCVCIGPCPNDKAIPNVKLFKNVKEQILS
292	0	MAKFASIITFIYAALVLFAAFEVPTMVEAQKLCEKPSGTWSGVCGNSNACKNQCINLEGAKHGSCNYVFPAHKCICYVPC
293	0	MAKFASIITLLFAALVVFAAFEAPTMVEAKLCERSSGTWSGVCGNNNACKNQCIRLEGAQHGSCNYVFPAHKCICYFPC
294	0	MAKFASIIVLLFVALVVFAAFEEPTMVEAQKLCQRPSGTWSGVCGNNNACKNQCIRLEKARHGSCNYVFPAHKCICYFPC
295	0	MAKFASIVALLFAALVVFAAFEAPTVVEAKLCERSSGTWSGVCGNNNACKNQCIRLEGAQHGSCNYVFPAHKCICYFPC
296	0	MAKFCTTITLILVALVLFADFEAPTIVKAELCKRESETWSGRCVNDYQCRDHCINNDRGNDGYCAGGYPWYRSCFCFFSC
297	0	MAKFVSIITLLFVALVLFAAFEAPTMVEAQKLCERSSGTWSGVCGNNNACKNQCINLEGARHGSCNYIFPYHRCICYFPC
298	0	MAKIKSLDVITVAIILLLVIADQATAITVQADCIGPCNDDCQQLCKSKGYTDWTCASFRTKSSCCCKPPRHQIFEQNAQLNN
299	0	MAKISCSYFLVLMLVFSVFSLVEKTKGKRHCSTIILPESPCVPQDCVEYCFEEYNGGGTCIASKTGRTTNCMCTYNCHGNNL
300	0	MAKISCSYLLILMLALSVFSVVEKAKGDKRCSIIIDLSPCYPIECRLSCITERNGDGECVVSKVGSTPNCLCTYDC
301	0	MAKISYSYFLVLMLVVSVFSVVEKAKGDGSCTIIIDPKAPSCDIIQCRLSCITDYNGLAECIASRIGSPPNCVCTYDC
302	0	MAKLIVNFSALLMIILLVSNGLPKAVAQTCFKGEAQEGVCVKVDGSKLCDLLCRATNTTWFGACEVEDNETHCHCYGPC
303	0	MAKLIYSYLFISMFVLSVLLALPNAEGADIKRCVVDVKLSKPCTFQECIPLCFQRYNGNGVCTGKKNEICTCAYNC
304	0	MAKLLCSYLFICMFVLSGFLVFSSAKQLKTCTSVIKLGHPCDIESCLNECFRVYNTGFATCRGDKYSQLCTCEYNC
305	0	MAKLSCSYFFILMLVFSALLMVECDEGKRCHTTIDKGNFCDLVDCRLSCFSGYNGVGKCFDDPKVPGRSNCGCLYNC
306	0	MAKLSCSYFLVLILVFSAFLMVERAEGKRCHLTIDKATACSLSDCRLSCYSGYNGVGKCFDDPKVAGPSNCGCIYNC
307	0	MAKLSCSYLLVFMLVFSAILMVEKVEGEECRLTIDKATPCHLSDCRLSCYTGYNGVGECFDDPNVPGPDNCGCRYNC
308	0	MAKMSALSIFAIFIILVLVIFEIPEIEAHDSECLKEYGGDVGFGFCAPKIFPTICYRNCQKDKGANGGKCLWGEGGKVKCLCDFCSNESFNQFISLT
309	0	MAKNLNSVSFIVLLLVLLVASTEILKSDAACFTFLGECGPEPFTGSNADCLACCVALYKSPPVCAGRVEGVPAHCHCYKS
310	0	MAKNLNTVSFTVLLLVLLMASTGILETEAACFKFLGECGAVPFPGTNADCTSCCVGNFGSAVCAGRVEVEGGVKHCHCYGTS
311	0	MAKNRVLTIFYCTIYYCICFKYVLLGMVVEKTQGHICHDYLEGDHCDPKDCNLDCRDKWKGTGTCEPPTGTPLTRTCYCTYDC
312	0	MAKPCAAFLVFLCLSMLILSIPDISCQMNDCDCDHDHRCGEWEDESHGNCKQHHLRVVCTCTLDCLDISSTSNA
313	0	MAKSAAIITFLFAALVLFAAFEAPIMVEAQKLCEKPSGTWSGVCGNSNACKNQCINLEGAKHGSCNYVFPAHKCICYFPC
314	0	MAKSATIITFLFAALVLFAAFEAPTMVEAQKLCEKPSGTWSGVCGNSNACKNQCINLEGAKHGSCNYVFPAHKCICYVPC
315	0	MAKSATIVTLFFAALVFFAALEAPMVVEA
316	0	MAKSATIVTLFFAALVFFAALEAPMVVEAQKLCERPSGTWSGVCGNSNACKNQCINLEKARHGSCNYVFPAHKCICYFPC
317	0	MAKSVNATGFITYMVIFLILTGISRVKAKKPPCLEGRTAYVSPGPCSNSLCTQDCRPAGYHTGKCKVEWSTPICKCYGCRKV
318	0	MAKTASSLVLPIIFLVMFALVEQNMGCMAVLGSCGVITDCSGECISRFGPQARGYCDRDGGSGTCVCVYPCPADKPHM
319	0	MAKTFSSICFTTLLLVVLFISTEIPKSEAHCDHFLGEAPVYPCKEKACKSVCKEHYHHACKGECEYHGREVHCHCYGDYH
320	0	MAKTLNSICFTTLLLVLLFISAEIPTAEANCDTYLGEVTVYYPCRERDCEAQCYEHYPHSCKGECEHHDHVVHHDNEEEHCHCYGR
321	0	MAKTQNFVCFTAVLLILILVSTEIPMIEGKTCKLFRGECPVDPCEPEKCDECCKATFGKQICGKCEQESTELHCHCRR
322	0	MAKTVLGIHVTFLTLLFAVILLNDVMYTPVEKICERASGTWKGICIHSNDCNNQCVKWENAGSGSCHYQFPNYMCFCYFNC
323	0	MAKTVLGIHVTFLTLLFAVLLLNDVMYTPVEKICERASGTWKGICIHSNDCNNQCVKWENAGSGSCHYQFPNYMCFCYFDC
324	0	MAKVSSAYLKFALVMILLLSVISAVMSAGCIKNGGRCNASAGPPYCCSSYCFQIAGQSYGVCKNR
325	0	MAKVSSSLLKFAIVLILVLSMSAIISAKCIKNGKGCREDQGPPFCFTCSGFCYRQVGWARGYCKNR
326	0	MALSKFQLVALLITYTLLFSCQSKIVKRMQVGPSECVYRGRCRDSYECRSRCGPPEFSHETLGLCMFDYDDYEYFCCCTTNY
327	0	MAMAKKSVSSFTLIFILVLVIFEVPEIKAQDSECLKEYGGDVGFPFCAPRIFPTICYTRCRENKGAKGGRCIWGEGTNVKCLCDYCNDSPFDQILRGGI
328	0	MAMKSVSTLAVFAILFLVIVEMPEIKAQGSKCLKEYGGNVGFSYCAPRIFPSFCYRNCRKNKGAKGGRCRSGGAGAGSMICLCDYCSDKP
329	0	MAMTQVFVIFILLATSLCNSNALPSSVINGFGYDYCIVECSITFLDDACKPLCIDRGYSDGGCIGLSPHFKCCCKK
330	0	MANATSFIALAYLLASALMTTVVLGNRQCVQAMDCTNVCSHGGLCTKNGKCVCWSPNVVINSGPPCWSDEMCFSTCGGNGGYCNYDIGGCFCQ
331	0	MANISWSHFLILMLVFSVVKKGKGDQTDKYCTIIIDPRTPCDLVDCRLSCYTGYNGVGKCIASKASRTPNCVCTYNC
332	0	MANNMVASPYKNTFMMIALVLILLISGSEARSNGIYDPMCPGVCGNLVKPDCNGLCHELGFPAGGYCKPGNTCCCKKKDSGPVDVPPTA
333	0	MARSICFFAVAILALMLFAAYDAEA
334	0	MARSICFFAVAILALMLFAAYETEA
335	0	MASHIICYIFCIIKLSCAHVCLMSFGSSYRVGVHITHEKVAACPRQNQRLYSCDSLRILYHYSCLTTRDLLYICDCSDFENIICLIRLLLNLDFVEVKLV
336	0	MASLKVFSFALLIVLTFSVIGMIYNVESGGSLCCNSHPKFGKCNTNNDEQRCNRWCHNGCGNGKGGYYKSMSHGGQCHYYC
337	0	MASNKISFSFVLCLYMCSLLDAKSMNPTGRRCPDPNGVEKKSMCYSSCKTQGFMGGSCQGHKGNYMCECYEG
338	0	MASNKVSFFLVLCLCILLAGECIESPIFTGNKCSDPTGMDKDGKCLDYCHAQGYPGGSCIGFIDQGYMCVCKVG
339	0	MASNKVSFFLVLCLCVLSTAEFGEAQILTGIKCPDPNGHDKEDKCNIYCLNQNYMGGSCQGYKNHYMCECYVG
340	0	MASNKVSFIFILFLCVLSTAEFGEAQNPRGRKCEDPNGVDQKAKCYIYCNEQGFLGGSCQGYTNHYMCECYVG
341	0	MASRATSLFIFFFLISCTFMLLETNASKNKSRSDLPLCGFREHCDGLWCPGEGGKYSCINWSCNFIEDCEKRIRCEKTGPCCFDGLCDCTNF
342	0	MASSKFVLFAILALSLLLSGTEARKTVWPSSELDPKCCSNQPEFGICDSKEDDERCAQMCLDGCPTNKGGGCQPITEAPGAVCSCYCA
343	0	MASSSKCAFLVFLCMIVLLAPSEVHAKSMAKAQGGWYLVEGLCSKFPDCNKHCKEQGFLGGQCLKLGVNMLCFCIHT
344	0	MASSYTLMLFLCLSIFLIASTEMMAVEGRICERRSKTWTGFCGNTRGCDSQCKRWERASHGACHAQFPGFACFCYFNC
345	0	MASTKYLVLLFICLSVLLTPGLGTDPVPTPPGLHIPCGKGFTSKECNKYCTGVGYRRGYCAPDEEYPQISSCYCKWRI
346	0	MATNKFLSILLLSLMAFAAILLPMISGQIITCLPGECTNPSECNAACKSNGYKGGACVSMSIGSTTGACCCKPNFKSQDSFKSNDIIINNN
347	0	MATQKFSYFLLVLLMVFALILPSIISVEVIPCIAGSKCTNDMTYNELCRFKGFSKGGFCQKYVHQTIGRCCCHPTGLESQESSISGDTNVVITN
348	0	MAVKLIYLFLFLYIALLISGRTMSTTAGRRDGKSGRTEWLYVAGECAKLPRCNKYCVSNGFHLGGFCEKLSPQASYLSCVCKYT
349	0	MCLVCIGVVMSARMQESKKGILLKPKTCNTNADCAKFCKGPIQNCLYHTCACVPGNPHCC
350	0	MDFTKKILVVFAFTIMLGISSVHCRPSFKPIPLFGEKLTQCFDTRPCLQGMLKCIEFCSSMGTADGQCNNENLCCCTHE
351	0	MDITKNIVTLLLVVLFPILFYYNNVLAFPASDQSIYARCIGPCPRYAVPHWCENECLSRKYMAGGECAFIEGEGPTPRCCCINL
352	0	MDVQRSSYIFIALSIIAMFLITGVKPEVRDICPGVCHAGIEPDCDTLCISMGFTGGYCQGLTCCCNPKSSKSSIINRPI
353	0	MDVTKTYVTIFVVAILTISVLIQIQQYDRCIGPCLRFYGNHQCYKNCRKAKYDGGQCDFVKKGEKLPECCCYYNKN
354	0	MEIKFLIVLSAVLMIIFLGAEESHADCLSGRYRGSCAVWHRKKCVDICQREGRTSGHCSPSLKCWCEGC
355	0	MEKAALIFIGLLLFSTCTQILAQSCNNDSDCTNLKCATKNIKCEQNKCQCLDERYIRAISLNTRSPRCNVQSCIDHCKAIGEVIYVCFTYHCYCRKPPM
356	0	MEKIVFRKIVFVAFLLSLSCLLEGEARMSGDVTIQRGGSCNNDNTCHDTCPGCRITQCIFRQCVCTRCNTPRSSLRIESHM
357	0	MEKKSIAGLCFLFLVLFVAQEVVVQSEAKTCENLVDTYRGPCFTTGSCDDHCKNKEHLLSGRCRDDVRCWCTRNC
358	0	MEKKSLAALSFLLLLVLFVAQEIVVTEANTCEHLADTYRGVCFTNASCDDHCKNKAHLISGTCHDWKCFCTQNC
359	0	MEKKSLACLSFLLLVLFVAQEIVVSEANTCENLAGSYKGVCFGGCDRHCRTQEGAISGRCRDDFRCWCTKNC
360	0	MEKKSLAGLCFLFLVLFVAQEIVVTEA
361	0	MEKKSLAGLCFLFLVLFVAQEIVVTEARTCENLADKYRGPCFSGCDTHCTTKENAVSGRCRDDFRCWCTKRC
362	0	MEKMVLRKVVLLAILLSLSCLWVAKALEGESKVSGQVRDETPHTWYCKYDDNCRENCPGCTITKCNYGVCICSNCYHQQSDLGVESHM
363	0	MEKTSLKLIFLFSLTVIAFCSSLGDAREMVKAEVNCIGGKCPEGKKNCNCMPPIAHVMDDIRPCNTDGDCYKFCPRECELGTCYCRCDYGCTCTC
364	0	MEKTVSRKVVVLAILLSLSCLCIAKASKGEEKTSGELRDVTPQRGGPCSYDNLCHNHCPGCKITQCVNGECVCLICYTPPL
365	0	MEKVTSIFFVLLLISSCLILRSQGQFRCKSVAECDSRGCRVGTHVICNEHHICTCAHGSPIGGQCDGVEDCDLSGCPPNSHVICDRIGGNFCTCVPN
366	0	MEMRKSCGFFFLLLLLVFASQVVVQTEGRVCESQSHGFHGLCNRDHNCALVCRNEGFSGGRCKRSRRCFCTRIC
367	0	MENKFFAAFFLLLVLFSSQEIIGGEGRTCQSKSHHFKYMCTSNHNCAIVCRNEGFSGGRCHGFHRRCYCTRLC
368	0	MEPSNQIFFYLRRSKLLSGLGEIRMAKGQPLGTMERCYDMLTWGECVPDNCAFSCALKRHGKGGCIKAYDNRPACVCYYTCLRS
369	0	MERGMRLFSSLVLVLLLVTATEMGPKVAEARTCESQSHRFKGACLSDTNCASVCQTEGFPAGDCKGARRRCFCVKPC
370	0	MESKRSSSSPLLILITTIMIIFIISGPKSVDADCKHPVGPYTDSCFTDCVSGKYGYNYESAFCSRDETGTCKICCCELINE
371	0	METKKISYFLLPSLMIVALIFQPMCSAFTIAEPYIHPCMKGFCSFKSECANKCIFMGHHKGGDCIGGLDGIYCCCLA
372	0	MEVRSLNLCFLLVLVLLMSPAPTAVAFSPEDCLDDVGWILICTKPTCKFSCWTSRSVNKGRKMQDYWCSDSNTCHCVFCTGD
373	0	MFSQNICMWRDCFARCSPGYYERFECFHDCITKGYDDGNCVPGPKTGRCCCTR
374	0	MFTLKKSLLLIVLLGIISLSLCEQERAADEDETNAEEERRDEKGPKWKR
375	0	MGAALKMTIFLLIVACAMIATTEAAVRIGPCDQVCPRIVPERHECCRAHGRSGYAYCSGGGMYCN
376	0	MGFKNNLSLVSVMVFALILLPMISGQTMQCYSGIACTDDGTCNDYCNPRNNNLGGVCLRRANCCCCYVSVVKSQESSLSKDTNNVFITN
377	0	MGFTKILVTFFLVGLLVISSSPQNAIASEIKAKINGLECFNTCTSYYDDHKCNVDCLSSGYPAGECYTVSPSQPKKCCCY
378	0	MGFTKIVVTFFLVVMLAVSSSSQNAMASEIKAKINGLECFNTCTPYYDDYKCNVDCLSSGYPAGDCHIVSPSQPKKCCCY
379	0	MGIKKTSATVFLVIILTISFSYYDVEAESVIEPAKYGACLFLCDARRDDHACFYDCTNVAIYRTGHCVGNPPRCCCIRG
380	0	MGIKTLIIFFHIFILAVLSSNNIILTSGAEIKKFSYDHCFHLCVAGEYGSNECFVDCAQKGFWHGDCANRTEKDPIRCCCYN
381	0	MGITKSLMIFFHIVLLAVSLSNNIILTSGAETTKFSYDHCFHLCVEGEYGSRECFVDCTQKGFWHGVCANKTTAKDPIHCCCYN
382	0	MGITKTSVTFLFLLILAAFVSNYNVLASEIKPTGRIDDQCKQMCSATYGDGKCASDCRKAGFSSGRCLTSSPFGNKCCCTK
383	0	MGKTISFSAIILVFLLVSTGLMKQGDAQAQKCEWECKLLPNFPCWLKGAGEGLCDNLCKYEGAISGVCVSDPHRCLCRNRKPGCS
384	0	MGMWCTTLFMVSCVSICLILSHVQEVEAGAPPQDCWNLVTFPAKCGIHGKKKCFKEMESKYQQRFLQCTCKNLKPEPKSPKDEHDCTCQRANPYECNS
385	0	MGPVNEANCKAAMEIVCRREFGHKEEEDASEGVTTGDPDCPFTKAIPREEYANKYGPTIGDKIRLGDTDLIAEIEKDFALYGDESVFGGGKVI
386	0	MGRSIRLFATFFLIAMLFLSTEMGPMTSAEARTCESQSHRFHGTCVRESNCASVCQTEGFIGGNCRAFRRRCFCTRNC
387	0	MGSLKLSTFAIVVCLSILLISPIEVNGWGKCDLRKGLCRLADTISTCDVPCRAVDSKYHGGECLNVGGGQGICWCCRDYDAAKSGAEKESM
388	0	MGSLRLSTVAIAVVVCLSILLISPTEVDGRQVCDYDKGECNSYEKSSTCIEPCKQLDSKFIGGRCIPVGGITGMGLCVCCRDVQRGAEKESM
389	0	MGSLRVSTFAVAVVVCLSILLMSPTDGRRVCDSAAGLCSMLFSCNTQCNSLGRNFTGGECSDARFPGLSVCYCCHNVESSAEMESM
390	0	MGSLRVSTVVIAVVACLSILLISPTEVDGRLVCDTPAGTCTSSSTCNDQCNTWGGNYSGGECADSSFPGLSICYCCHYVGSSAEMESM
391	0	MGSSKLLVALTLVVMITISYDLFSEIGISAATLVIPTCFENCNATFQDPECNKWCALLAYKDGSCLYPPSEVDDLPPIKRPYIPRCCCNPITLSPPSP
392	0	MGSSKLMVTCIVVAMLTISCDILSVEMGISVQALPPTCGPDCTGRFMNQDCSKYCAALSYKHGVCILFRGLPPRTSTLRCCCG
393	0	MGSSRLMITFIVVAMLAISSDLFSVQIGISVQAAPPTCGRDCTEKFLTQDCDKYCVGLSYKKGVCILSEGLPPKTSTYRCCCS
394	0	MGSTKTLVTCFLTIILAVSLSNHNVLAIDAGIKGFDTDHCDTRCYGRDECMNYCIKAGFPKGGQCGSLCIPCGFKCCCQK
395	0	MGSTKTLVTCFLVIILAVSLPNNNVLASDARIEGFSFDNCNIRCSEDYWNDECNKDCLRAGFQKGGQCGSPCIPCPVKCCCQK
396	0	MHITSIAIVFFAAMGAVASPIATESDDLDARDVQLSKFGGECSLKHNTCTYLKGGKNHVVNCGSAANKKCKSDRHHCEYDEHHKRVDCQTPV
397	0	MHNISFKLLLLCDLFLSSSSVRHNLAVGDVCATNEECRINCQCDAAYCDLSCNMCVYMLHVMDTIDANIPNQPCISEYQNCGKKTSSLQ
398	0	MHSKLRVVYVLLILFILFIRHATTTYCEKVRSKTAPRDVCKKSNGNALCKKTCWTIEKYVNGKCLILPKTTNLDCYCYHYDNGSACRA
399	0	MIIVIIFLVIYFNNQLYMCVSSTCVIQWCAIQCKRKEANGIGTCKPRPNQGKIQYRKLKEECHCVYKCS
400	0	MIKSFQLSFTVLIVFTVLILGVVGNVEQKSQDWCWSIVNKDRCLQKECESLCSKKHPKGKFMCIPSTPGGPFQCHCRHPCR
401	0	MIMGVHYHEYRCHDWVDCAIWCKQWVPQPKCINRVCDCKPKSLPTNEEVPQSAYSSNSNY
402	0	MIMGVSYHENRCHDWVDCAIWCKQWVPQPKCINRVCDCKPKSLPTNDEIPKSASSSSKN
403	0	MIQIKFLCLFLAIMTIVVLDSNVAEARDCLSGTFKGPCWAWSGEKCRRLCIEEGRVSGHCSGGSKCWCEGC
404	0	MISTSLLLVVLLFAILAIVDAQWGYGGPYGGYGGGYGGGPWGYGGGWRRRHWGGYGGGPWGGYGGGPWGGYYGK
405	0	MIYNVESGGSLCCNSHPKFGKCNTNNDEQRCNRWCHNGCGNGKGGYYKSMSHGGQCHYYC
406	0	MKCGVLFMISCLLITFLVLSHVREVESKTKWGCDMNRPFPGKCGTNGKDTCISDIKKMPGAPKDLVVRCECSQRFVWKGYPPERLCKCQYDC
407	0	MKFAAIFLVTCVFFSLFSSNLSQGEKLSMDPTRRPWCPSKKQMFGGNCGNDGDSLCLMLLAASWDESLRHSSISCNCTTYPNYKILCSCPNMICP
408	0	MKFATCFLVSYVLVFLVLSVCKEVEAKELCNRIEDIDGNCDFEGEKGCLKFMTNKYKKERHVSCTCTNLYMLHKTKRFCDCKHRCSG
409	0	MKFSMRLISAVLFLVMIFVATGMGPVTVEARTCASQSQRFKGKCVSDTNCENVCHNEGFPGGDCRGFRRRCFCTRNC
410	0	MKFVAIFLVTCVLFSLFPSHLSQGEESRMNINAERRPWCPSKIQMFDTNCEVDGAKQCLDLLISTWDPSVRLTRVSCICSDFPYRNMMCSCPNMICP
411	0	MKFVSLASLGFALVAALGAVATPVEADSLTAGGLDARDESAVLATYNGKCYKKDNICKYKAQSGKTAICKCYVKKCPRDGAKCEFDSYKGKCYC
412	0	MKFVSVFLVLFIFFLVVLEAPEKIEAKDDKFICVVEYGGDVGPTFCNPKFFPTLCRQNCRSFKGAKGGKCVKQPKHKHIKCFCDYCKDD
413	0	MKGIAMLLVSCLLFSFLSTNLAKELKWCPSKDVFNGSCTDTGSPSYTCFLDLLGSKSASAMPKNCKCTPLPHNRRQCDCFVVCDSN
414	0	MKILAFFIFVLLIFSCSSSMIMGVHYHEYRCHDWVDCAIWCKQWVPQPKCINRVCDCKPKSLPTNEEVPQSAYSSNSNY
415	0	MKITILFLTLLVLSSSCTSIITKTMNSKETIYLDNPAVSPSIDQNLVDIHLGHSFVQGVMSFCYDCGKACFRRGKNLARCQKFVCRCTISKLR
416	0	MKKFGCNTTHPFPGKCGNNGKSSWVSDMKKLPSAPKNRDIRCECSDRPSLARGMPGERVCRCDYDC
417	0	MKKIFQLSFTVFIIFISLVLGVVGNVQQKRSNRCIDFPVNPKTGLCVLKDCESVCKKTSKGLEGICWKFNAKGKDPKQCKCCGLWPPLY
418	0	MKKPSQLSATILTIFVILAIGVMVKETLGQAPSTCFEALKDASKGASCDSELCASLCKKKSGGGVGTCRTKTTQPSKGQPECHCRFWCKSDGTPYK
419	0	MKKSFLFTFTVLTIFTILVIGVAPEKLTTCSRFLSQKSGKCVKEDCDRMCKQKWPGKYTVGHCYGQFKDAKRCLCSVCGPDRQPP
420	0	MKKTFSFTVLILFVIPLLVTGLMDSMPQRHPVEGWCKRPLPNQKPGPCNNDRCSARCKEQKQFEFKGGKAMGICSSENRCLCTFRCR
421	0	MKKYFQPSFVILIIFTVLVLGVVGNMSVDQKRCWATLKENNCVHDECRSMCLKKNPKGHGRCIKSSKGRIICLCGYDCP
422	0	MKLAAIFLASSVLLSLLPIHLSQGEAAGERRQWCPSKQQVFRGSCSDDGGQKCLNDLLWTWNPSVRLSPIYCDCTPKRHNKRLCDCPSMICL
423	0	MKLAAIFLVSCVLLSLLPSLTIAEKRPWCPTRKQIFDGSCNRTDYTQCFNDLRNTWDDIGDLCPTDCTCTPQPQNKRLCYCRYLPCPST
424	0	MKLSILVKAMKRNNGFRYDYCIAECSEHFLDDVCKPVCIDKGYSDGGCIGLAPNFKCCCKK
425	0	MKLSLRLISALLMSVMLLFATGMGPVEARTCESPSNKFQGVCLNSQSCAKACPSEGFSGGRCSSLRCYCSKAC
426	0	MKLSMRLISAVLIMFMIFVATGMGPVTVEARTCESQSHRFKGTCVSASNCANVCHNEGFVGGNCRGFRRRCFCTRHC
427	0	MKLSVRFISAALLLFMVFIATGMGPVTVEARTCESKSHRFKGPCVSTHNCANVCHNEGFGGGKCRGFRRRCYCTRHC
428	0	MKMAKAAATNDFGFITCLVIFLVLAGISNGMRMTQKVSCIEGRTLWARPPKFFYCSSTLCEDNCINTGAYRGGTCDMEDEVAICRCHRCKKII
429	0	MKMAKSANEIGFITCLVVFLVLTGQSNGMSNGMPRTVPCIEGRILWNRTLPCSSILCGDHCVPHGYRAGTCDIVNDRAICKCSRCR
430	0	MKMNITKSYVILFLVVVMTNSLSNSEVLVAPVIETAQNDVCFVPCTSRYGHYECAFDCMHKRYKDGGCVHGRCCCKT
431	0	MKNASLKLPLLIFILVITSNLGAEARKLTGVADVIVEGEAASPQYGIIDENDTLNKSPSCKRDIDCTFQCRRGGFCNLILQKCECL
432	0	MKNSFRFSFTVITTFIICVLVSGAMVNGQCSFPQPVGPNGKCVPKDCKSLCHKKYKGGSICTTGKPNICMCLVCRRRSPEV
433	0	MKNSSIILVLVFFFFISSSGEAKTCSDGWTCVGEDKCKVNCMAKHKGVGTCTLYIIPSFPAPITSYICDCMFDC
434	0	MKNSSILLLLVVFFVISSSGEAKTCSDGWTCLGPKEEDKCKENCMAKHKGVGTCNLYTIPEFPAPITYYMCDCMFDC
435	0	MKNSSIMFVLIVVFLISSSENQKMVGEAKQCKTGWACFGEDACKEKCMAKYKGVGTVTYFPFPPETIIIYCECLYDC
436	0	MKNSSLLFILIVVFVISSSENGIMIGEAKKCSNSWICEGDEKCKEKCMADYKGNGTCYYPSPPSKQHPEFFYPTCWCGFDC
437	0	MKNVSQVSVAVLLIFSILVLGIGVQGKVPCLSRMFNKNNTCSFLRCEANCARKYKGYGDCRPGDRPHDKKDSLFCFCNYPC
438	0	MKRSFLLLLTILTIFIILGQGVMGNDEQLRGNRCFQIKFKTGKCVPKECQTACQEKLRKPKLKGEGFCMKECTCCFYT
439	0	MKSFLVAFLIVLVFFCVEMKIGNGFKIHEVPEPTGKWCGYSVPMKPCINDDRVKRCIAENTHGWLMATGMCTSIPSLKDCYCMHQCP
440	0	MKSNKATFFLGLLLVYAFCIMLIESRCYTNDDCKDGQPCPVPLACLFGSCICPWKSQSKLPICQIICANLD
441	0	MKSSIFFKLLLLVSLLVVIFRQSYAVADYCNRDADCKRVCLRPYACNLTRHLCMCHPNDVSSSKQHCIPEHKGFGEGGPPPQRLKLYR
442	0	MKSSMKMFAALLLVVMCLLANEMGGPLVVEARTCESQSHKFKGTCLSDTNCANVCHSERFSGGKCRGFRRRCFCTTHC
443	0	MKSSMQLISTLFFLVILVVAPGMKMVVEGQPQLCETKSLNYRGLCLKWRSCKRVCISEGFPDGRCKGFFNNKCVCRKPCALLSTEN
444	0	MKSSTTSMQLIPTLFFLTILLASPEMVEGQQMCEAKSLDWKGMCLKWRNCRQVCISEGFTDGRCKGFTRKCICSKPCFVLPN
445	0	MKSTIFVLTLLIFVSLYFNIIVYVSFSFIGTSEIVVPSSFKRVEGPVTAASADFCYKCSRGCYRRYRRPVFCQGSICRCSSFIDDGY
446	0	MKTIFFFITFIVLVSSCTSNIMTKSISQVKSQFFSPALSPNVDPADEHIGHSPDDMKIIFCQQCAFHCIEKKKNIGNCENSICRCTLEDIL
447	0	MKTIILFLTLLVISSSCTSIITKTMNSKETTYLDSPAVSPSIDQYLVDIHLGHSFLQGVMSFCYDCGKACFRRGKNLARCKKFVCRCTKSGIK
448	0	MKTLFFFLTIAVLVSSCTSNIMTKSILEGKTQFSIPSLSSTIDPAYEHIGHFPDDMKIIFCQQCAFHCIEKKKNIPHCENSICRCTLENIL
449	0	MKVEVIFLASCVLFSLIHAHLSHEEPMKEPEYCRWTNAFNGTCSDRGNPQTMCFFDFLDAHTARVMPKNCACNDLPGNKRYCECSFVCNS
450	0	MKVSPRLNSALLLLFMILATVMGLVTVEARTCETSSNLFNGPCLSSSNCANVCHNEGFSDGDCRGFRRRCLCTRPC
451	0	MKYFTLFMISYIFISIFVFSHIHDVEARNRICRTSEKYYREFCGHAGNDDCLSKSTKKPKPFKCVCHDNRSQNITSINDRYNNCICTFYC
452	0	MKYGVLFMVSCGVMFLILSHVEEVEAMKKFGCNTTHPFPGKCGNNGKSSWVSDMKKLPSAPKNRDIRCECSDRPSLARGMPGERVCRCDYDC
453	0	MKYLWVFIVFSIAVLSHACSA
454	0	MLLETDASRNKPSSYIPLCGSDNSCGGLWCPRKGGKYSCISMTCDIQEDCPKLVRCKDSPGPYCMEGFCTC
455	0	MLMACYSAGQLGCLVFCNEAEYSYGKCIGRGRCCCYDL
456	0	MLRANVVVSLVIFAALMQCMNGKENITPWIYSMKQPVSCNREHSEIGICLSGIDDDIQNDGKCWKFCLMVAKSGGYNADK
457	0	MLWSASMRIFASAFSTRGLGTRMLMYCSLPSRCWRK
458	0	MMKKLIQLSFTVMIIFTILVLGVVANEGLGKPKKQCNEILKQSNCVAAECDSMCVKKRGKGAGYCSPSKKCYCYYHCP
459	0	MMKNQFQLSLIILTFFILLELGVMGNVQQVKREQCHTVIPNKSGKCIFTECKSACEKLKKPVASLCLPPKTCRCYHFCS
460	0	MMNVSLKLSFLVFILVIMSNLGSEARELAGVNEIFEIAARSSNNAGTARALQQAPPCKRDVDCSFECPKGGFCNDRLGTCDCF
461	0	MMQIKFLFTFLALLMMVILGAKEADADCLSGRYRGPCAVWDNETCRRVCREEGRGRVSGHCSARLQCWCEGC
462	0	MMSSKSHFVALLLIIFLIVNVQSTRIMDDSSDCVFKGPCQRRSDCYERCGLKPPSRAALCQPMGLQGRVCCCL
463	0	MNITKAYVIFFLVVILTNSLSNSDALASSVIETTKNDVCSTPCTIRYGTFECFQDCILDHFRDGNCINGRCCCKY
464	0	MNITKRYVVIFFLVMLTKSLSNSDVLVSSVIETSKNDVCFIPCTRRYGDWECYDDCLGKNFNDGGCVDGRCCCKK
465	0	MNITKSYVVIFFLVMLTNSLSNSDILVSSVIETSKYDVCFIPCTRRYEDRECNDDCLAKDFNDGGCVDGRCCCKY
466	0	MNKNIIFSFTVLTLFVIFVQVTGVIGNLQQRRQMNQTWCSRPLLTHKQTGKCVIEDCESKCRQKWKGNGTQATCRNQCNCHFRCPWIQGQP
467	0	MNNLRVIMSVLLAVLVFTATVSESAEEMGKGEVTISLRCKTKTECLKNIACEACVDCRCDKGICKCHGFTAETNNPTV
468	0	MNTIVLFLTLLILVSSCTSIVMKSSNSKERTYPVTPALNPLTGQHSLRQRQLIFCDECANACFRRKKPVRSCQRFICRCAIRDVGY
469	0	MNWELCDDYPSKAPPETCNKVDGARRCRTSCNNEGYGGANCNLKGKVKVCECTILRVCLPHHKRPPHVPKPPK
470	0	MNYKIGIMSLLVITSIIFLFLVPDKVEAQKECIGPCDMFTDCQAACVGIRKGYNYGQCVAWKPKDDDPFTCCCYKLTP
471	0	MQIKFLYLFLAVMTIFILGAKEADADCLSGRYGGPCAVWDNETCRRVCKEEGRSSGHCSPSLKCWCEGC
472	0	MQITSIAIVFFAAMGAVANPIARESDDLDARDVQLSKFGGECSLKHNTCTYLKGGKNHVVNCGSAANKKCKSDRHHCEYDEHHKRVDCQTPV
473	0	MRCTTLIMVSFVVSCLLLSLVEESEAGAPPVECWSEILFSGKCGFHGKKKCYKEMESKLKQRVLKCRCEDVKKDSNTSKDEHYCGCQRENPYECN
474	0	MRCVTSFVVFCILMFFVLNIFTVEVKAQRLVPLCKTIGYENPGKCPADGNKFCRRKLDDRYVKYKRCDCQDTKGRKQNHHRCICYMKLPCNQ
475	0	MRCVTSFVVLCILMFLVVNNVKVDVKAQRRKPVCKLTGVLNPGKCPTAIHDASNLCSRKLASPNMTFKRCDCQNTEWRGKDHYQCTCYIKLPCNQ
476	0	MREETVVYEQEESVSHGGGKHRILAELARVEQEVAFLEKELKEVENTDIVSTVCEELLSVIEKGPDPLLPLTNGPLNLGWDRWFEGPNGGEGCRC
477	0	MRFFATFFLLAMLVVATKMGPMRIAEARHCESLSHRFKGPCTRDSNCASVCETERFSGGNCHGFRRRCFCTKPC
478	0	MRFTSMIFVLVVILINSLFNFNVLASSVIETTKNDVCSTPCTRRYGTYECWHDCLHERYNDGGCVDGRCCCKK
479	0	MRHATSPIVFCFLIFLVMNHVKGQAKKKRCPIGLHTYGKCGTDRAKFCFSEIESKLSFSKQVLNTISSCRCDDDRQGNKDLYWCQCDRREGRPCPAN
480	0	MRMTQKVSCIEGRTLWARPPKFFYCSSTLCEDNCINTGAYRGGTCDMEDEVAICRCHRCKKII
481	0	MRNLINFAVLIMTIFIVSASGARETRMMEQTCPVFWPMVPCDANKCEQMCRDYYGSVPSYCNRIGTPIAECACSLTPC
482	0	MRPRSRAGDKFMSQGQELCHEYFQLTAPCEKQPCIDMCSSKYKTGKGVCGPAVHQCFCTFSCTV
483	0	MRSATFFLVSCVLMSFVLSHVKEVEAGLDPMAANLRVRKDIFIGGCGRDGNKTCMKDFVKKGGVMNKPISCECDNLGYEHLCRCNFS
484	0	MRSATLLLVSCVLLSFILGNVKEVEAVLKPMDQCGRKDIFLGGCGSNGSKTCINDFVKKGGVAAKPSSCECDDFGEEHLCRCYVPC
485	0	MRSISFKLLLLVSLLVVVSRYTLAYEDSCSTDEECRRNCLCDVAYCDKSRDKCDYGFMNRVDVRFPKHPYISKNKDGSGR
486	0	MRSITWFIVFCVFMFIALNHVKGQVKPTGCQGGQRYRGKCGTNGTKTCVKDMMLPKLFKTKRCDCQDMLGTFKGWHFCTCYSGRPGC
487	0	MRSVIWFIVSYTLMLLVLRGGKEVEAEKLCTTIGDLDGKCSQDGEKLCMRYMTDQSKKKFLSCTCNNVVMLHKYKHYCECQSHCTPKQT
488	0	MRYTTSFIGLCFLIFLLKNLVNGGLIRECDYTMEGYGPCGPNGRSLCLDTFWKTPPSPGLSKNLEGCRCEDRGKRPPIFTGLSHTCRCCWSYGGGSDD
489	0	MRYTTSFIVFCFLIFLQTNLVKGRTIRICDRKVEGNGTCGPNSNNICLDEFWKNPPSPRLAKSLEGCTCEPRGKRPKFKGLSHVCWCCWSYNSSNPAG
490	0	MRYTTSFIVFCFYIFLFTNLVQGGLVRICNHRIEGYGTCGPNGRKICLDAFWKNQPSPGLSKNLEGCQCEDRRKRPQFKGLSHSCSCCWSYQGNSDE
491	0	MSAQKIYLASLLLFICLVFPQSTAIVCNFEGHCVTSDDCINVCKSGEDPFLCVRSGPHKGMCCCLKTNGSVLE
492	0	MSGQKYQLVSLLLIICLLFSQSTASGCNFKGSCRTDDQCKRICRGHGLDPSFQLCVPYSSKGGKCCCLHYEGAPLSSEVI
493	0	MSKLTNVVIFIVFFLGMMAKETQGQHICHQILLNNNCDGATCTSLCDKQLQGTGQCYKTVDKRFICLCNYLCRT
494	0	MSKPTVIVIFMAILVLGMATKETQGANCVNYFEITFPEVCEANWCAAECLKAYKNGKGTCWQKFCQCVYDC
495	0	MSKSLQLIVTVLCIFTILVLGEICLAKGQPLEEMVECKEVLWPEECKYDACAFACALKRHGKGGCLEGPDYRSACICQYACKRS
496	0	MSKSTFLFVYIILILGSMVNEIQGQHAMCHEILPETDCGAGSCTALCLQLWRGTGKCVRTNDQKLICLCNFECIV
497	0	MSKSTILAIFMIVLVLGKVTKETQGQEMCRDILMKAKNCDEGTCDTLCKQKWKGNGSCFPNVYTYRKSCLCTFPCKT
498	0	MSKTFQPSIVMLTIFLILVTSQRRKCDEKIVLQFCNGRNRCYEYCDTKECVAACKKKRNGEGICNGDVFSVSAQCLCLYKC
499	0	MSKTTVIAIFMVVLVLGLVTKETQGQELCHDYMSGTELCEEDKCVAKCIWMHGTAAKGTCMPKPSKQCVCTYSCNA
500	0	MSLVYMYMYIGVVMSARIQESTNDILKPITCNTNADCAKFCKGPIHNCVYHTCQCVPGNPHCC
501	0	MSNGMPRTVPCIEGRILWNRTLPCSSILCGDHCVPHGYRAGTCDIVNDRAICKCSRCR
502	0	MSNLRLTIAVFLAALFQTLWWKPRGKRPQSNFHAKRIRTVLQTLLVMLCTDYRCDKGLCKCHGFGGEKENPTAAPLTA
503	0	MSSKIKFVALLIVVISLLLNNAQSTREILSAEICGWNDPAVHCKTKEDCFEKCGGRPAKKVFCVRPGDHSYDRLCCCRA
504	0	MSTKLFSYFMLLVVLFSVLTIIPKTEAQKRCRQELEPGKQCVLAKCRELCFKQLKGFGSCIEKPPGSSKYTCNCFYNCGPPGFF
505	0	MTEQKPKPSCHNVMVGNYVPTASDRAANRTLGFGLVTNIINGGLDC
506	0	MTFFLVIILAISSSNYNVLAVSGPPKCIALCRPGYYERFECFHDCITEGYDDGSCVPGPTTAKCGIITKTTNKICYSFAFE
507	0	MTIKKFLPLLLSSLMVYSLILLPIISGKSPVSCDGACTSTPQCNKICTSKGYKKGICHGSAHLFYICCCYAKFESQYDPSISSPPNY
508	0	MTISKKMLIVFVLTIFVVSFGHCSDSFPGLGLKKQAHKQCYSPDLCTGGDSKCDICCVLISGVYYGKCIQSKCHCLNKTK
509	0	MTKAITLAIFMVVLVLGMVTKETQGEEKQCYDYLLTPQENCEGLICAHECTMQHGGNGVCVDTTSTVCICTYDCTS
510	0	MTKGDTKVMKCVLEVISDSLSKPSPMPVSPECLETLQGDERILSVLRHQNL
511	0	MTKIGFYLATYATIYIILSPGLLATAARENLHHQCFCESPSKCDCFPTTPTPPTSVNKSRKGGPLCTTDGDCKHFCRPKKGVCNIDFETCICQ
512	0	MTKSIISAFFIILILGMMVNEIEGQQQQQRCEEALTEIDCGAGNCNALCLQKRKGLGRCVQRTPCDKLKCMCYYPCSS
513	0	MTKSTFLFVYIILILGSMVNEIQGQNAICQKFLSETDCGAGSCTALCLQLWKGIGKCIKTDDHKLLCLCKYECIV
514	0	MTQGKRKHPCDLKNPSKRAPPATCNKPNGAILCGDFCLHEGYNIGKCVMRRTGKACICSQCEGW
515	0	MTQKATILAIFMVVLVLGLETKETQGQEMCHDLIKKTDCDDATCVTLCKQKWNGNGGGSCFQIVNLKSCLCAFPCQV
516	0	MTSLIAFLFTVLVIVSSVHCRMTTASTPGYGIKQEDRLCIQGQEGTKLCSSGTSRDCLNFCLIRGYAGGSCYAYTLDQCCCRIPPPKLK
517	0	MTSMKLHIVALCIIVSFLVNVQSTRIMDASSDCEFKGPCHKKEDCYDSCGVNKPPFNNAICVPGRDSFQCCCILS
518	0	MTSRAKSLFIFFFLISCTFMLLETDASRNKLSSYIPLCGSNTYCGGLWCPKKGGKYSCISMSCDIQEDCPKLVRCKNSPGPYCMEGFCTC
519	0	MTSSSKCLFFVFLCLAALLTPYLAEAEDRSKLIPIGPCSKIANCNQTCIESQFLGGKCIKWYPDSIKETCACLVKPSITHV
520	0	MTTKKTSSVVLPLLLVFALILMPMVAGQLKSTCRIAEAWKGAKECNAKCAALGTTRGGVCQKFLGDLYCCCWD
521	0	MTTKMVSSHRLLTLMVFALLLIPMISGQSSKCTKGCTSTPECNIKCMKKGGGHCQAYIGRSHGRLAIENYCCCNNYSNSPISSPVMN
522	0	MTTTKTMLVAFVLTLFFVISSVHCSDGTSGYGITEATKRCFTPAPCTRGLFYCQTFCSSLSAVLIGVCESGICCCILNQ
523	0	MTTTMKTFVAFVLTVFFIMSSAHCRTTTGGSPGYGIGGRTKTCFTPALCIYRGVHGCDSYCKTKNFDYGYCRQEHCCCVNY
524	0	MTYKATILAIFMIILVLGIGTKETRGQETCHDLIMKRDCDEATCVNMCQQKWKGSGGSCFQNFNVMSCICNFPCQV
525	0	MVASHRLLTLMVFALLTIPMISGLISDKCTEGCKSTIGCNTRCMMRGGGYCESAKIHGAVKIFCCCNNYSNSPISSPVIN
526	0	MVLLASCVIHAHIISGEIEDVSNTRSPTMMGANRKIIGDNKNLLCYLKALEYCCERTKQCYDDIKKCLEHCHS
527	0	MVLNNKTALWFMTLVLLLLSSREMVPGAEARLCRVRGTRGHCFNDHGCDKVCTREGFVRGKCNGILRRCICDRQC
528	0	MVNGQCSFPQPVGPNGKCVPKDCKSLCHKKYKGGSICTTGKPNICMCLVCRRRSPEV
529	0	MVQIKFLFVFLAVMTIVVLAANMADADCLSGKYKGPCAVWDNEMCRRICKEEGHISGHCSPSLKCWCEGC
530	0	MVQMIFLFAILAVMTIVLMEANTVLARDCLSGTFGGPCWAWSGEKCRRLCIEEGHVSGHCSGAMKCWCEGC
531	0	MVRTNVVSFVLFAAIVLCILYGQKHIAPWIFEDKSICCKEHPSVGRCLPGIDDDAEKDGKCWKFCIEGCETGGFCKLFEHKHICHCNCSG
532	0	MVSSRKCVFLVFLCMVVLLNPKSTKAKDIDGRKPLLIGTCIEFPTEKCNKTCIESNFAGGKCVHIGQSLDFVCVCFPKYYI
533	0	MWGRQIVLKIFFLVLSCVIVIETERIDICFIPCTRRYGDYECWFDCTYNRYKEGGCVEDVVVKHNRNRPTFRAVELCFFSIKFMYDFSMK
534	0	MYDESTGYSSALK
535	0	NAPAEDLARYYSALRHYINLITRQRY
536	0	NCDTYLGEVTVYYPCRERDCEAQCYEHYPHSCKGECEHHDHVVHHDNEEEHCHCYGR
537	0	NDEQLRGNRCFQIKFKTGKCVPKECQTACQEKLRKPKLKGEGFCMKECTCCFYT
538	0	NEGLGKPKKQCNEILKQSNCVAAECDSMCVKKRGKGAGYCSPSKKCYCYYHCP
539	0	NEMGGPLVVEARTCESQSHKFKGTCLSDTNCANVCHSERFSGGKCRGFRRRCFCTTHC
540	0	NFASGEASSQLCFNPCTPQLGNNECNTICMNKKYKEGSCVGFGIPPTSKYCCCKT
541	0	NIFNAISAAGLGNQIKVSTAIDTGVLGTSYPPSK
542	0	NIMTKSILEGKTQFSIPSLSSTIDPAYEHIGHFPDDMKIIFCQQCAFHCIEKKKNIPHCENSICRCTLENIL
543	0	NIMTKSISQVKSQFFSPALSPNVDPADEHIGHSPDDMKIIFCQQCAFHCIEKKKNIGNCENSICRCTLEDIL
544	0	NKKMVGEAKKCDQTWTCEGEDKCREKCLTLHNGVGVCDLYTAPLVPKQCFCHYDC
545	0	NKLIGSCVWGAVNYTSNCNAECKRRGYKGGHCGSFANVNCWCET
546	0	NLCERASLTWTGNCGNTGHCDTQCRNWESAKHGACHKRGINWKCFCYFDC
547	0	NLQQRRQMNQTWCSRPLLTHKQTGKCVIEDCESKCRQKWKGNGTQATCRNQCNCHFRCPWIQGQP
548	0	NMGCIQIIGRCIKIPDCSASCRKFLGPHASGYCDNDGAGGTCICTYPCQTKEIHM
549	0	NMGCMAVLGSCGVITDCSGECISRFGPQARGYCDRDGGSGTCVCVYPCPADKPHM
550	0	NMGCNDYIVGDVCVHCRERCLRYYPVTRKAECYRNHCLCIGPCPDDRPHKRFQMLNSSKNVKAQILS
551	0	NMGCTATMGPCEKDKSCSATCRATFGDRANGFCDYSTSTSPGGECTCVYHCPPVVPHESHL
552	0	NMSVDQKRCWATLKENNCVHDECRSMCLKKNPKGHGRCIKSSKGRIICLCGYDCP
553	0	NNCKHKKGSGC
554	0	NNFYSYNAFITAAKSFPGFGTTGDTAVRGPIQISYNYNYGPCGR
555	0	NPAEDLARYYSALRHYINLITRQRY
556	0	NRQCVQAMDCTNVCSHGGLCTKNGKCVCWSPNVVINSGPPCWSDEMCFSTCGGNGGYCNYDIGGCFCQ
557	0	NSMERVEELRKKLQD
558	0	NSVEKDVMDGPCRLRGTCNNDGDCDKHCHRSTDAAAMDGHCLFDKPTGPVCCCLFD
559	0	NTCEHLADTYRGVCFTNASCDDHCKNKAHLISGTCHDWKCFCTQNC
560	0	NTCIEGIGNCQQCDVRCKARHGPAAKGACDSKFQLCTCNYPCGQGPSPPQPKKCYGGAGICSDRCGAQCCNQNCAQKYNQGSGFCDSIGNTSLCKCQYNC
561	0	NTGCFDYDVYQPCDHCRERCLKYYPVTRKAICRKNHCVCIGPCPNDKAIPNVKLFKNVKEQILS
562	0	NVEQKSQDWCWSIVNKDRCLQKECESLCSKKHPKGKFMCIPSTPGGPFQCHCRHPCR
563	0	NVQQVKREQCHTVIPNKSGKCIFTECKSACEKLKKPVASLCLPPKTCRCYHFCS
564	0	PAEDLARYYSALRHYINLITRQRY
565	0	PMPVSQECFETLRGHERILSILRHQNLLKELQDLALQGAKERAHQQ
566	0	PNPKVFFDMTIGGQSAGRIVMEEYA
567	0	PPEAAYGPGNTNSDSGDK
568	0	PVSRQQCSQRIQGERFNQCRSQMQDGQLQSCCQELQNVEEQCQC
569	0	QAKKKRCPIGLHTYGKCGTDRAKFCFSEIESKLSFSKQVLNTISSCRCDDDRQGNKDLYWCQCDRREGRPCPAN
570	0	QDYCAQEGQQEVQRKDLSDLERYLRQSRQR
571	0	QELCHDYMSGTELCEEDKCVAKCIWMHGTAAKGTCMPKPSKQCVCTYSCNA
572	0	QEMCHDLIKKTDCDDATCVTLCKQKWNGNGGGSCFQIVNLKSCLCAFPCQV
573	0	QEMCRDILMKAKNCDEGTCDTLCKQKWKGNGSCFPNVYTYRKSCLCTFPCKT
574	0	QEMCRDLLMRAKNCDDSTCATLCKQKWKGNGSCFPNVYRKSCLCTFPCKT
575	0	QETCHDLIMKRDCDEATCVNMCQQKWKGSGGSCFQNFNVMSCICNFPCQV
576	0	QFRCKSVAECDSRGCRVGTHVICNEHHICTCAHGSPIGGQCDGVEDCDLSGCPPNSHVICDRIGGNFCTCVPN
577	0	QGKKKPPCPLGLSANGKCGHDGPKLCFSEMERKFNKDVVKTITHCKCWDDRRNNVDKHRCTCYLKHGFPCTNG
578	0	QGSKCLKEYGGNVGFSYCAPRIFPSFCYRNCRKNKGAKGGRCRSGGAGAGSMICLCDYCSDKP
579	0	QHAMCHEILPETDCGAGSCTALCLQLWRGTGKCVRTNDQKLICLCNFECIV
580	0	QHICHQILLNNNCDGATCTSLCDKQLQGTGQCYKTVDKRFICLCNYLCRT
581	0	QIITCLPGECTNPSECNAACKSNGYKGGACVSMSIGSTTGACCCKPNFKSQDSFKSNDIIINNN
582	0	QILTGIKCPDPNGHDKEDKCNIYCLNQNYMGGSCQGYKNHYMCECYVG
583	0	QKECIGPCDMFTDCQAACVGIRKGYNYGQCVAWKPKDDDPFTCCCYKLTP
584	0	QKHIAPWIFEDKSICCKEHPSVGRCLPGIDDDAEKDGKCWKFCIEGCETGGFCKLFEHKHICHCNCSG
585	0	QKHTAPWIPEDNSICCKEHPSVGRCLPNIDDSAEKGGKCWKFCIEGCETGGFCKLFGHKHICHCNCSG
586	0	QKIQEIDLQTYLQPQ
587	0	QKLCARPSGTWSSGNCRNNNACRNFCIKLEKSRHGSCNIPFPSNKCICYFPC
588	0	QKLCEKPSGTWSGVCGNSNACKNQCINLEGAKHGSCNYVFPAHKCICYFPC
589	0	QKLCEKPSGTWSGVCGNSNACKNQCINLEGAKHGSCNYVFPAHKCICYVPC
590	0	QKLCERPSGTWSGVCGNNNACKNQCIN
591	0	QKLCERPSGTWSGVCGNNNACKNQCINLEKARHGSCNYVFPAHK
592	0	QKLCERPSGTWSGVCGNSNACKNQCINLEKARHGSCNYVFPAHKCICYFPC
593	0	QKLCERSSGTWSGVCGNNNACKNQCINLEGARHGSCNYIFPYHRCICY
594	0	QKLCERSSGTWSGVCGNNNACKNQCINLEGARHGSCNYIFPYHRCICYFPC
595	0	QKLCMRPSGTWSGVCGNNNACKNQCIRLEKARHGSCNYVFPAHKCICYFPC
596	0	QKLCQRPSGTWSGVCGNNNACKNQCIRLEKARHGSC
597	0	QKLCQRPSGTWSGVCGNNNACRNQCINLEKARHGSCNYVFPAHKCICYFPC
598	0	QKLCQRPSGTWSGVCMNNNACKNQCIRLEKARHGSCNYVFPAHKCICYFPC
599	0	QKLCQRPSRTWSGVCGNNNACKNQCIRLEKARHGSCNYVFPAHKCICYFPC
600	0	QLIVPCKTSEQCKSIRCSNGSAQCVNKQCQCPSLKQIYSVTDVSCKTVSDCVASHQCPTGLSACIEGKCICLP
601	0	QMNDCDCDHDHRCGEWEDESHGNCKQHHLRVVCTCTLDCLDISSTSNA
602	0	QNAICQKFLSETDCGAGSCTALCLQLWKGIGKCIKTDDHKLLCLCKYECIV
603	0	QNPRGRKCEDPNGVDQKAKCYIYCNEQGFLGGSCQGYTNHYMCECYVG
604	0	QPLEEMVECKEVLWPEECKYDACAFACALKRHGKGGCLEGPDYRSACICQYACKRS
605	0	QPLGTMERCYDMLTWGECVPDNCAFSCALKRHGKGGCIKAYDNRPACVCYYTCLRS
606	0	QPQLCETKSLNYRGLCLKWRSCKRVCISEGFPDGRCKGFFNNKCVCRKPCALLSTEN
607	0	QQCGRQAGNRRCPNNLCCSQFGYCGRTNEYCCTGFGCQSNCRRCG
608	0	QQQQQRCEEALTEIDCGAGNCNALCLQKRKGLGRCVQRTPCDKLKCMCYYPCSS
609	0	QRLCEKPSGTWSGVCGNNGACRNQCIRLEKARHGSCNYVFPAHKCICYFPC
610	0	QSCNNDSDCTNLKCATKNIKCEQNKCQCLDERYIRAISLNTRSPRCNVQSCIDHCKAIGEVIYVCFTYHCYCRKPPM
611	0	QSERFEQQMQGQDFSHDERFLSQAA
612	0	QSPLSQSSHEFTVVSPYLSCFGIEECLFYLYFKLYDLCVILLCTWFDLSE
613	0	QTCASRCPRPCNAGLCCSIYGYCGSGAAYCGAGNCRCQCRG
614	0	QTCFKGEAQEGVCVKVDGSKLCDLLCRATNTTWFGACEVEDNETHCHCYGPC
615	0	QTMQCYSGIACTDDGTCNDYCNPRNNNLGGVCLRRANCCCCYVSVVKSQESSLSKDTNNVFITN
616	0	QVKPTGCQGGQRYRGKCGTNGTKTCVKDMMLPKLFKTKRCDCQDMLGTFKGWHFCTCYSGRPGC
617	0	RAKWFW
618	0	RDCESDSHKFHGACFSDTNCANVCQTEGFTAGKCVGVQRHCHCTKDC
619	0	RDCKSDSHKFHGACFSDTNCANVCQTEGFTRGKCDGIHCHCIKDC
620	0	RDCRSQSKTFVGLCVSDTNCASVCLTEHFPGGKCDGYRRCFCTKDC
621	0	RDCTSQSHKFVGLCLSDRNCASVCLTEYFTGGKCDHRRCVCTKGC
622	0	RDDFR
623	0	RDWERREFERRQNELRREQEQRREEL
624	0	RDWERREFERRQNELRREQEQRREELL
625	0	RECKTESHRFKGPCITKPPCRKACISEKFTDGHCSKILRRCLCTKPC
626	0	RECKTESNTFPGICITKPPCRKACISEKFSGGDCSKILRRCLCTKPC
627	0	RECKTESNTFPGICITKPPCRKACISEKFTDGHCRGFRRRCLCTKPC
628	0	RECKTESNTFPGICITKPPCRKACISEKFTDGHCSKILRRCLCTKPC
629	0	RECKTESNTFPGICITKPPCRKACISEKFTDGHCSKLLRRCLCTKPCVFDEKMIKTGAETLVEEAKTLAAALLEEEIMDN
630	0	RECKTESNTFPGICITKPPCRKACISEKFTDGHCSLLRRCLCTKPC
631	0	RECKTESNTFPGICITKPPCRKACLTEGFTDGHCSKILRRCLCTKPC
632	0	RECQSQSHRYKGACVHDTNCASVCQTEGFSGGKCVGFRGRCFCTKAC
633	0	RECRSQSKQFVGLCVSDTNCASVCLTEHFPGGKCDGYRRCFCTKDC
634	0	RELAGVNEIFEIAARSSNNAGTARALQQAPPCKRDVDCSFECPKGGFCNDRLGTCDCF
635	0	REMAKEEVNCIGGHCPDGKKDCNCLPLIAPTMDIYETNESCRTDNECIKYCPKGCKIVDCNFGTCLCEYC
636	0	REMVKAEVNCIGGKCPEGKKNCNCMPPIAHVMDDIRPCNTDGDCYKFCPRECELGTCYCRCDYGCTCTC
637	0	RETRMMEQTCPVFWPMVPCDANKCEQMCRDYYGSVPSYCNRIGTPIAECACSLTPC
638	0	RFWWF
639	0	RGARRR
640	0	RGFARR
641	0	RGFRRR
642	0	RICKSRSQKFKGPCVSEDNCANVCHTEGFPDGDCDGLLRRCYCNTHC
643	0	RIIDLLWRVRRPQWPKFVTVWVR
644	0	RIIDLLWRVRRPWKPKFVTVWVR
645	0	RIIDLLWRVRRPWWPKFVTVWVR
646	0	RIIDLLWRVWRPQKPKFVTVWVR
647	0	RIIDLLWRVWRPWKPKFVTVWVR
648	0	RIIDLLWRVWRPWWPKFVTVWVR
649	0	RILSILRHQNLLKELQDLA
650	0	RILSILRHQNLLKELQDLALQGAK
651	0	RKKAFW
652	0	RKKRRQRRRRKKRRQRRR
653	0	RKKWAW
654	0	RKLTGVADVIVEGEAASPQYGIIDENDTLNKSPSCKRDIDCTFQCRRGGFCNLILQKCECL
655	0	RKTVWPSSELDPKCCSNQPEFGICDSKEDDERCAQMCLDGCPTNKGGGCQPITEAPGAVCSCYCA
656	0	RLCRVRGTRGHCFNDHGCDKVCTREGFVRGKCNGILRRCICDRQC
657	0	RLVCDTPAGTCTSSSTCNDQCNTWGGNYSGGECADSSFPGLSICYCCHYVGSSAEMESM
658	0	RMCKTPSAKFKGYCVSSTNCKNVCRTEGFPTGSCDFHITSRKCYCYKPCP
659	0	RMKKLGNHKVSCERNTKRCRKAI
660	0	RMSGDVTIQRGGSCNNDNTCHDTCPGCRITQCIFRQCVCTRCNTPRSSLRIESHM
661	0	RMTTASTPGYGIKQEDRLCIQGQEGTKLCSSGTSRDCLNFCLIRGYAGGSCYAYTLDQCCCRIPPPKLK
662	0	RMTTTTSPGFGIKQQDRQCFEHAPYLCRGGEGDCRMYCRDLDFSFGTCFSGVCCCQI
663	0	RNRICRTSEKYYREFCGHAGNDDCLSKSTKKPKPFKCVCHDNRSQNITSINDRYNNCICTFYC
664	0	RPDFCLEPPYTGPCKARMIRYFYNAKAGLCQPFVYGGCRAKRNNFKSSEDCMRTCGGA
665	0	RPSFKPIPLFGEKLTQCFDTRPCLQGMLKCIEFCSSMGTADGQCNNENLCCCTHE
666	0	RQLKSSRRGALVCVRLKLCSAILSRGLSCGMFSCNARR
667	0	RQMQRPQNVECVGGECQPKHPQQYFGSCFRDSDCRNSCFPYCRYQKCHHHECICSLCSSEVAPSPK
668	0	RQRDPQQQYEQCQKHCQRRETEPRHMQTCQQRCERRYEKEKRKQQKRYEEQQREDEEKYEERMKEEDN
669	0	RQVCDYDKGECNSYEKSSTCIEPCKQLDSKFIGGRCIPVGGITGMGLCVCCRDVQRGAEKESM
670	0	RRPPIRPPFYPPFRPP
671	0	RRRFWWFR
672	0	RRRFWWFRRR
673	0	RRVCDSAAGLCSMLFSCNTQCNSLGRNFTGGECSDARFPGLSVCYCCHNVESSAEMESM
674	0	RSNGIYDPMCPGVCGNLVKPDCNGLCHELGFPAGGYCKPGNTCCCKKKDSGPVDVPPTA
675	0	RTCENLADKYRGPCFSGCDTHCTTKENAVSGRCRDDFQCWCTKRC
676	0	RTCENLADKYRGPCFSGCDTHCTTKENAVSGRCRDDFRCWCTKRC
677	0	RTCENLADKYRGPCFSGCDTHCTTKENAVSGRCRGFRRRCWCTKRC
678	0	RTCESKSHRFKGPCVSTHNCANVCHNEGFGGGKCRGFRRRCYCTRHC
679	0	RTCESPSNKFQGVCLNSQSCAKACPSEGFSGGRCSSLRCYCSKAC
680	0	RTCESQSHKFKGPCASDHNCASVCQTERFSGGRCRGFRRRCFCTTHC
681	0	RTCESQSHKFKGPCFSDSNCATVCRTENFPRGQCNQHHVERKCYCERSC
682	0	RTCESQSHRFHGTCVRESNCASVCQTEGFIGGNCRAFRRRCFCTRNC
683	0	RTCESQSHRFKGACLSDTNCASVCQTEGFPAGDCKGARRRCFCVKPC
684	0	RTCESQSHRFKGLCFSKSNCGSVCHTEGFNGGHCRGFRRRCFCTRHC
685	0	RTCESQSHRFKGPCARDSNCATVCLTEGFSGGDCRGFRRRCFCTRPC
686	0	RTCESQSHRFKGTCVSASNCANVCHNEGFVGGNCRGFRRRCFCTRHC
687	0	RTCESQSNTFPGICITKPPCRKACISEKFTDGHCSKILRRCLCTKPC
688	0	RTCETSSNLFNGPCLSSSNCANVCHNEGFSDGDCRGFRRRCLCTRPC
689	0	RTCQSKSHHFKYMCTSNHNCAIVCRNEGFSGGRCHGFHRRCYCTRLC
690	0	RTCQSQSHKFKGACFSDTNCASVCRTENFPRGQCNQHHVERKCYCERDC
691	0	RTCQSQSHKFKGACFSDTNCDSVCRTENFPRGQCNQHHVERKCYCERDC
692	0	RTGYVSCKTNSDCVKLKCPTPFGGPKCISGSCECPFKELMTLPNDTNYGVAACIDYCKAKGEIVYACILNHCYSYKPPM
693	0	RTIRICDRKVEGNGTCGPNSNNICLDEFWKNPPSPRLAKSLEGCTCEPRGKRPKFKGLSHVCWCCWSYNSSNPAG
694	0	RTQEHPCQDYRLGCKSRDVCNAKCLSLGYVKGGDCVTFAFPICCCKINFGFQDDSPISSPIFTD
695	0	RTTTSGYGMLFDSVACEGGFEYCPRGGGNDKCTTFCRSLPNKYDFGVCDKIYACCCHINV
696	0	RVCESQSHGFHGLCNRDHNCALVCRNEGFSGGRCKRSRRCFCTRIC
697	0	RVCMGKSAGFKGLCMRDQNCAQVCLQEGWGGGNCDGVMRQCKCIRQCW
698	0	RVCMGKSQHHSFPCISDRLCSNECVKEEGGWTAGYCHLRYCRCQKAC
699	0	RVCMKGSAGFKGLCMRDQNCAQVCLQEGWGGGNCDGVMRQCKCIRQC
700	0	RVCRRRSAGFKGLCMSDHNCAQVCLQEGWGGGNCDGVMRQCKCIRQC
701	0	RWKLFKKIEKVGRNVRDGLIKAGPAIAVIGQAKSLGK
702	0	RWQWRM
703	0	RWRSFFKKAAHRGKHVGKRARTHYL
704	0	SAIWFWMTPQSPK
705	0	SCDFPLGACTPFRDCKESCIKFKTRAGQTFFDGKCRPRDRPSVWTACFCCYYDSIGAQ
706	0	SDARIEGFSFDNCNIRCSEDYWNDECNKDCLRAGFQKGGQCGSPCIPCPVKCCCQK
707	0	SDGTSGYGITEATKRCFTPAPCTRGLFYCQTFCSSLSAVLIGVCESGICCCILNQ
708	0	SDRTSGVGINQEYAKCYDLADCQKPKVDDAACERFCGAKSFLLYGKCDTATNKCCCKSKTK
709	0	SDSALGIGIKEDWEVCFSIDPCLTGEGTLGCTKWCRNHINLSLVGYCRTDPEHCCCVAEK
710	0	SDSFPGLGLKKQAHKQCYSPDLCTGGDSKCDICCVLISGVYYGKCIQSKCHCLNKTK
711	0	SDSTLGIGINQDWKKCFSPDPCKKAGTQGCMEFCRTISFLLFGECTSKPDQCCCVTK
712	0	SEIKAKINGLECFNTCTPYYDDYKCNVDCLSSGYPAGDCHIVSPSQPKKCCCY
713	0	SEIKPTGRIDDQCKQMCSATYGDGKCASDCRKAGFSSGRCLTSSPFGNKCCCTK
714	0	SEIKPTGRVDNQCKEMCSATFGDGKCAADCRKAGFSSGRCLTSSPFGNKCCCT
715	0	SELDNTSGFEIKQEDKCYGPEPCKNGYEGCLFFCVRIAYYLYGECTMKPDHQKHCCCVTK
716	0	SGCNFKGSCRTDDQCKRICRGHGLDPSFQLCVPYSSKGGKCCCLHYEGAPLSSEVI
717	0	SGECNMYGRCPPGYCCSKFGYCGGVRAYCG
718	0	SGPNGQCGPGWGGCRGGLCCSQYGYCGSGPKYCAH
719	0	SGSSLCCNTHAKFGACNTYQDRKRCNKWCLDGCDNKKGGFCKRFAGGAKKCHCYC
720	0	SIFIKYSDRTCHVYIKAENCEIDQCNWECGTKYKRVGVQGLCVPPGFDPIDQACLCSFNC
721	0	SIGFDGLNDPDIVAR
722	0	SKNKSRSDLPLCGFREHCDGLWCPGEGGKYSCINWSCNFIEDCEKRIRCEKTGPCCFDGLCDCTNF
723	0	SPEKYYDCKQDGCITTPPCWRKCVSMGYPKGGECRIYSYGGVCCCDLTSKPPN
724	0	SRNKLSSYIPLCGSNTYCGGLWCPKKGGKYSCISMSCDIQEDCPKLVRCKNSPGPYCMEGFCTC
725	0	SRSELIVHQRLF
726	0	SSSKEENRIIPGGI
727	0	SSVIETTKNDVCSTPCTRRYGTYECWHDCLHERYNDGGCVDGRCCCKK
728	0	SWSSFFKKAAHSGKHVGKSASTHYL
729	0	SYYHHHHHHLESTSLYKKAGFMENLYFQGMPVGIVIAPKKSPFTAKKPGPVLSGVKAGPG
730	0	TAARENLHHQCFCESPSKCDCFPTTPTPPTSVNKSRKGGPLCTTDGDCKHFCRPKKGVCNIDFETCICQ
731	0	TAGFGVFTNIINGGLECGK
732	0	TDPVPTPPGLHIPCGKGFTSKECNKYCTGVGYRRGYCAPDEEYPQISSCYCKWRI
733	0	TEMMAVEGRICERRSKTWTGFCGNTRGCDSQCKRWERASHGACHAQFPGFACFCYFNC
734	0	TGVAWRIT
735	0	TINRTDCNENSYLEIHNNEGRDTLCFANAGTMPVAIYGVNWVESGNNVVTLQFQRNLSDPRLETITLQKWGSWNPGHIHEILSIRIY
736	0	TLINGSSDEERTYSFSPTTSPFDPRSLNQELKIGRIGYCFDCARACMRRGKYIRTCSFERKLCRCSISDIK
737	0	TLRGDERILSILRHQNLLKELQDLALQGAK
738	0	TPAEDLARYYSALRHYINLITRQRY
739	0	TRIMDASSDCEFKGPCHKKEDCYDSCGVNKPPFNNAICVPGRDSFQCCCILS
740	0	TSSTLKESLTAEIKPTKVDRCKTDRDCPQSHRCQKDFYYGCVVGECICRAV
741	0	TTAGRRDGKSGRTEWLYVAGECAKLPRCNKYCVSNGFHLGGFCEKLSPQASYLSCVCKYT
742	0	TVKSYSEEKTHSFDLTANPPIDLNIVDELPRDEHLGVSHADNVIGFCQECAHHCLQRKRVLGECRWFTCHCSRITIGVGL
743	0	VADYCNRDADCKRVCLRPYACNLTRHLCMCHPNDVSSSKQHCIPEHKGFGEGGPPPQRLKLYR
744	0	VDPDVRAYCKHQCLSTRGDQARKICESVCLRQD
745	0	VDPDVRAYCKHQCMSTRGDQARKICESVCMRQD
746	0	VEMGISVQALPPTCGPDCTGRFMNQDCSKYCAALSYKHGVCILFRGLPPRTSTLRCCCG
747	0	VEVIPCIAGSKCTNDMTYNELCRFKGFSKGGFCQKYVHQTIGRCCCHPTGLESQESSISGDTNVVITN
748	0	VISIIPV
749	0	VKSGHYKGPCYHDENCNGVCRDEGYKSGHCSRWGGACWCDT
750	0	VLINGSSDEERTYSFSPRASPFDPRSLNQELKIGRIGYCFDCARACMRRGKYIRTCSFERKLCRYSISDIK
751	0	VNFKKLLGKLLKVVK
752	0	VNWKKIILGKIIKVVK
753	0	VNWKKLLGKLLKVVK
754	0	VNWKKVLGKVVKVVK
755	0	VNWRRILGRIIRVVR
756	0	VRHNLAVGDVCATNEECRINCQCDAAYCDLSCNMCVYMLHVMDTIDANIPNQPCISEYQNCGKKTSSLQ
757	0	VRLTENMCFKDDDCINQGEWCPVLRVCSYAECICPWGTRSKLPSCQIICAHLDKKSVNSYNPCGCNYK
758	0	VSGPPKCIALCRPGYYERFECFHDCITEGYDDGSCVPGPTTAKCGIITKTTNKICYSFAFE
759	0	VVPSSFKRVEGPVTAASADFCYKCSRGCYRRYRRPVFCQGSICRCSSFIDDGY
760	0	WGKCDLRKGLCRLADTISTCDVPCRAVDSKYHGGECLNVGGGQGICWCCRDYDAAKSGAEKESM
761	0	WKLFKKILKKL
762	0	WLNAKRHHGYKRKFH
763	0	WLPLIGRVLSGIL
764	0	WSPQEEDRIIEGGI
765	0	YCERSSGTWSGVCGNSGKCSNQCQRLEGAAHGSCNYVFPAHKCICYYPC
766	0	YCERVRSRSAPHDICKKKNGNAVCKEKCWTIEKYQNGRCLILPKTTKLDCYCYHFDQC
767	0	YDLFSEIGISAATLVIPTCFENCNATFQDPECNKWCALLAYKDGSCLYPPSEVDDLPPIKRPYIPRCCCNPITLSPPSP
768	0	YDLFTGIGIDARTVPPTCYESCNATFQNPECNKMCVGLAYKDGSCIYPPPEVDGLPPKRPYFPRCCCNPIILSPPSP
769	0	YDRCIGPCLRFYGNHQCYKNCRKAKYDGGQCDFVKKGEKLPECCCYYNKN
770	0	YDRKCLKEYGGDVGFSYCAPRIFPTFCDQNCRKNKGAKGGVCRWEENNAIGVKCLCNFCSEEPSDQTLSRI
771	0	YGRKKRRQRRRD
772	0	YKLFKKILKVL
773	0	YKRKFHEKHHSH
774	0	YNVENGGSLCCNNHPKFGKCNTKNDDQRCNSWCLNGCDNGKGGYCKSMSHGGQCHCYC
775	0	YPIKPEAPREDASPEELNRYYASLRHYLNLVTRQRY
776	0	YQMLICLDLNISCADCQKQCDETSYGGMCLNGGRTCCCKKSPPPSYYDPRPPSS
777	0	YVRTCMIKKEGWGKCLIDTTCAHSCKNRGYIGGDCKTCYCLVNC
778	1	RRLKAHQMLSHTWTKTETSLTMEVSKSMADQLEEVNSLPTTLMPRHSIVDPSYRPSIYMKNLLLTFLVVTIVCLDLG
779	1	RLNGSLRSLPPEQRKDAGKLVGQSRARVTQAFQAREAEIQEQEAAARLVAEAVDVTAL
780	1	QISKRSQKLIKLFNKKEDTVMYKVKVYVSLKESVLDPQGSAVQHALHSMTYNEVQDVRIG
781	1	SSAEHLQGWARGCGITVDQAERMVTDKGEWLLFKQEVKGQPTADIV
782	1	NDSHIFVRPDQIKEEFKRVVNMIIDVYKDFGFEDYSFRLSYRDPEDKKSTL
783	1	FVNDTLSLKHTSAGPRYQYLINHKEMGLGVSAEQPAGGAEGFHLHGENSPAQQ
784	1	KVILNSDLAKIYISFFPKENQYNLIKIINNKSKYYKKILFKKLRFK
785	1	PTIVNEEGIIKATCDLKPEMSAIEVVMEKSSRGNKKMSAAGYSVRKIGAPNTTDFRAYIE
786	1	GQPLVLPAYDQVLKASHLFNLMDARGAIAVAERQSYIGRIRELCKACALAY
787	1	RKGKNVLVSGTRDMSCNMPLVEQLL
788	1	KLKQQVLDPQGEAIRRVLAGLGYSEVEQV
789	1	SKTLPNTYFKVKLNDDSGREITAHLSGNMRRFRIKILVGDKVKVEFPQVNSELGRIVYRFKEDQCESALLSLALQCAKRRVVVKRNRRSPD
790	1	VTDKTRRVLLVEGESSMLVLSRKKGEKLLIGDEVEIIVIEVDGERVKLGIKAPKGVKILRTELIEEIKGENKAAFDLSLKAFEEI
791	1	YLLENKHLFYQYFKISNTCIDHLEQLINVNFFSSDRTSFCECNRFPMKVFSFTIGLVVIISLFAFALAYDEETD
792	1	YHLENQFGICQQ
793	1	ELGVDFLQSQMQELAPEL
794	1	PFLNGDEPGKLKLPLSERHEDVDYLTKEQCIQYFNGYSIHLIPPRISSMPSLNIDFDEAEMEQIRAAARADDLSLKKF
795	1	CSNALKDCSTRVKEIFSENIKKIGEMSVI
796	1	IDDLEKSIADLMNQAGIEGQGPEKIFYAASYSSQHQMSRMALTLCHAVKEGLLEPRDITASLIDRYIEIEDGPMIDCYLRTSGERRLSDF
797	1	DTAHVYCGRRLATMLLYVCDNQYQVKRPPYISSENEGYGWKWLERQRA
798	1	CRETVSNFLNDTPHLAGVYSVNLIYHH
799	1	FGLLQTFPYILLTSPNFILSCDDVVSNYFTKGKRGKRSGILVIFSFLKEAVLPSRQKMYFLFSGSLLHSLYSVAQVVPFFPIDDV
800	1	DETTNTLLVATGEGKGVKQVPKTAATFRFRLDGETRGATRVVVDGDRLVARPARRTETKGDSLWQMTKSNLSDFLVLVTI
801	1	PKISDDIAESPEGVRAVRPLVQRPSAAVTPAGEMEPAVVKWFNRTKGYGFVVRHAAEGDIFVHVETLRRNG
802	1	AKSGGDVSSGSFA
803	1	RKDIEKLRQSSVVMLIGQKVRIKYSKSKIANDIAVRVGDIGVIRGIKFINNQCVTIIVEFENHTRLWMFREEL
804	1	VAIKVLRKNPLEDPTQDQIV
805	1	LNVQQAGGSLLVVSQFTLAAETQK
806	1	LARAVADLPALVEYALPFCRPGGWFVAQKGETGAGEAWNAGKALELLGGELRRVLHVELSGLPED
807	1	AQTEATAMKQGIHPEMKLITVK
808	1	LVLLIEEDHYLSPDFYYILKKMWNKKNEESPDCMVALASGGRARARSRQLPARDGGRKRTGERLPLPHCTGAQSKMDDDEFGGFEAAES
809	1	DIADLKMAVSFSQFNRRFLN
810	1	EEQIKEIGVG
811	1	RYSAAPHQLASGYWQSGAQVRTWIYLRLLAALLKFSRICEIQSMENLLPFRQYPNNQILFLMPRSFEETRQAIESLKSGVV
812	1	VRRAAELAFIAMPERPGLGGMMDGLNVKSLEERSEADIASPSSTGTQDHLMGLLDGREDLDKEDGKPELEAVYETNCHWESCNKEFDTQDQQAIRET
813	1	IHAYHTEGAGGGHAPDIITVAAQPNVLPSSTNPTRPHTVNTLDEHLDMLMVCHHLNPRIPEDLAFAESRIRPSTIAAEDVLHDMGAISMIGSD
814	1	VLAFLGVMSLKAPARATTAAPGTGIKDDMIPGSGGGNRASEETLGIDKWVVFGGSWGSTLALAYVETYPGR
815	1	PEKKYHSKSDVGFMNNLEKIYRLCDKIEKEKKYLFCLWPIVDGRVGLDVLDYE
816	1	IVHYNQPSRSRKTDLAWHITLLLLNPCLILIDHGHFQYNCISLGFTVAAVAAILSGK
817	1	QLSSGGKNLSKEEEEELKRLTREDEERKRRVAGPSVGGVNLLEGGTRGAPGGGFVPSMQGVPESPFSRTGEGL
818	1	KAAGGVHTLEQCQQLIEAGATALGTSSGPQLMQALRTPIASGNGRIDGMDIIQELYGIILGRREKSGQGSYTS
819	1	YSQEQQND
820	1	EACFSFHSS
821	1	STPSASDQVNWFRNSSPYINAHRGRTFVVLLGGEVLDTPRLPTLVHDLALLNALGVKLVLVHGARPQIS
822	1	FYRLREFLLAQSPAYMNG
823	1	YSIAKENQVQPKDFFKI
824	1	KEGLENIKDKASDLAEDVAEKFNDTVDSVKHKNEKMKFPLLFISLALAAFLTRVQDA
825	1	LDAVEGECDYCGE
826	1	DESNACVSNTPVWD
827	1	VRPLQLLGTCAELCRGDWDCGPEEQCVSIGCSHICTTNMLPGFTMIITSLLLT
828	1	MFLKGNSDKQVGFLILLLGSLGFIYYTVSSFMIILFPTETTPGK
829	1	TKTHYIPYIKQVIKSVDLEKKLIIVEWEGIEMGKVTAEDRPAFGEKINRVKEKVESGIKE
830	1	ATIKSYDPT
831	1	SVWMAVIRASVVPYQKDRSSLSAHPAWAERRGFECITDGIF
832	1	FQNLVYPLDERLTLSGLGYHYGIE
833	1	IVTIDGMEYTVVGEETEEYIRKNAELVDRKIGELKSQTSFSSLTCAVLAALNLSDMYYKAMSGGDNLRAQVREYAEENAALRAQLSK
834	1	KPSIKRREEKLKAIYKQHLQQQANGM
835	1	RYAHYAFGLVDIKSGVLEWLRYSTFYVLYPFGAGSEAAVMFLAFRMEFTIHVGTLTGQVISLNVFSHFTIGDIK
836	1	VLLLMDERLYRMPGASAIIGSDMHEKSEKSVNSPENIEQRVTDIIVKQLSV
837	1	RKHVVFREAKIKMLVLRRKVGQVIQINDNIRIIIQDVQNEHIVRIGIEAPPEIPVHRMEIY
838	1	IDSVLNAMPNQIEKLEANIATIQQQMSQLDFYQKSQQEIAKVQKQLEDLNHDLEQKYLLWEELLELEMTFEENLKQ
839	1	ALRDCLPNEVELSTKNVSIAIVGKGQDFIIYDDDDVAPYYVMEVEQQPADPSAGGPPAFDAFLQT
840	1	TADLDAVAAAGGYDDTDAMVEEAVRELLRRRPEL
841	1	AMLETL
842	1	ALYFSAESEYMQKAHSASDLSYFFASGSN
843	1	NSFYEVFEKYPHFID
844	1	HAEPESDLQETQPMNSSVHIASLVVQCRPEKLGQVQTAIAAEPGTEIHAADPAGKL
845	1	IPLKFSTQIYFEELSCEHVWFFLPFSVDCLLLLKRVKTISRSVIRTV
846	1	MNSLAQ
847	1	SAHGGQRQSVIKTVAAMPEPAVPDPVTREPDTTLHISSAVVRTLPDRCAEVVKCV
848	1	GRPLDYIGYYNPMVDPAEVKIDTEKVQKWLERGAEPTDTVRALLKKNAQMSRTCQITRKKPMNGNKRSHAM
849	1	TIEELGHYDPLLKQANFKFDE
850	1	HLIKCQNSNSEIWFSGIDIDTQILFHTVEVDMGLPGGWELVLIVGVLVLLFGATKLPQMARSLGQSARVFKAEARGMKEDE
851	1	GIQRVAIMEGKKYSKGFMEDGDIGVQYMGRRKSKRKPPPKRKAIEPLDQQFNCPFCNHEKSCEVKMDRAKNTAM
852	1	ISSVFFLHMQQFESQVKDRFRFPIFRLERKTFGNSCYQVETLKVKCRPRHAKSCNLLTLLFKSRTQSVLVPNF
853	1	PDRIVLKKYDPIIRRHTEFREERMEVKVFRVSGYFEKDGRKFKFTKEYRALKEEHVKELVYSDIGSRHKVKRRKIFIKEIREIKPE
854	1	GKPPSYSKLGHEP
855	1	VRYCQTKLAQVEQKLQVLDA
856	1	PIGPNPVLADMNADPVLSYNFDAIEYSVRQEIHTTAARFNAALQELRSQIA
857	1	HLIRSSSFSSDSFTNALTVMKSSDRIILLDDGVYSVNHPILQNALALVGKESLFVIEHHYLARGLVTDDALNFISMAALVALTESANQIITWQMQFQ
858	1	AVIHYRPDETLMDQFENSRKVSKCLMYLDNNNTAYNQYFSWHDTGDVK
859	1	VLHVLGRGEWKNMDKLKSVLSGTDGPNENGNILQA
860	1	SESSLEFLPEVNAFTGNNGVGKTNLLDAIHYLSLCKSYFNPIDS
861	1	DLEEPNRPLNIFLPESRLVLLDSKAKKATFLQHIIEQLELSHAEIVVGRAEEIAHQPLFRQIFTLVVSRAV
862	1	NQINKASPRRLPRKRAQKRSVGSDEDMILYLQGGCVERSVKLEQINDDDRIFYITESEPF
863	1	IFVEALDKNDSLNKK
864	1	TSHYFDPSKVSKLMKDKIKKMQRSSDLETSAGSTGKSDVLVTVQRIK
865	1	VSLTEQHSPIVSWKDMNDPQRAIIIILDGVGIGELPDAGEFGDRGSNTLGNLAEAVGGVYLPNLEKLGLGNIVPIKG
866	1	HLNAAEQRVQELMKDKGGLIEEKGE
867	1	KSEALLPRPPAREIGVEVGNLSELATRLDELRDALKQLVESQNLKLALLMVTDVVRGNSRLVVQGNSRIIGALPYRRLDDETL
868	1	EAEAVESLDKLAQNKFNLEMDPADADTLRTGVGQLAAEHDEVGGALHRIRDLA
869	1	LKTQLKSANKSGAQLALIIGEDEWKDHQVTVKNMSDGSQTRVEWQELIEQISELITPQGVINEMYKL
870	1	DGSVHQFRAFDYDDMSTVNFDMDSVEAWRQKKIVEQLESAKGNGTSCITIIVPPNYQMS
871	1	ADMVVTGQAGGGSIKIDMTGQHHAKKVQLDNTIMREDKSIIEDLIAAAINDAT
872	1	LQPGDVLVFNETKVISAMIKKLNKKFLNKNDVTDVLSFDLGSKGEIIISVETAKKQALDVSHSIELEILYLIIHGILHLSGFDDI
873	1	SYTSQQ
874	1	MEVNVDDTVMFESYA
875	1	IVDAASIIEILSLCAVKGTKVTIFTEKEEDTNLADKIKDFFDIGFGENENEMRAP
876	1	RHWLRVAHGTTPAAA
877	1	ALFGIGLFVFTYYTFWTMVL
878	1	LVMAFEEEFGIAIELEDGGVKTVADLVKLIESLQNAMTAKRELSKCKNEVKKSTLIKIKKMTFEEALSHVEKIVSELD
879	1	QNTNESEKLRGILSLLEGVETQGALSNFEIDILRPM
880	1	CREQPNIVDGLPAAVLTYCQVWKIPAVFYMLKFMCFFPILSFFSTNVVMNYSEIESKVREATNDDPWGPSGQLMGEIA
881	1	GKMSALYIDIAKKNDTTSSPCMLKGTIKSYNEKNAFGFIDQDDEEEDLFFFKDAVRSDQIYQIAAG
882	1	SGEFLQ
883	1	IVEYKCCHDSPLCNKFMPSIKVRENEPFDIALRRFRRICDRAGVITDVRKKEFFEKPTWV
884	1	DFASIYSDLISNIQPRIQIIGKPENLKQIDNQKRIRALLLAAIRNTILWKQSGGI
885	1	MSEEMINEAVEVAAEAIDRFEGEYKDIAAYVKKTFDKKYEQSWQCICGKDFGRLTKIRQIMPQPMQTKEKV
886	1	SDNSPALNS
887	1	MVSNYLEQVNIQFETVDVTQ
888	1	SHDPGIMAEQERILIAYEPVWAIGT
889	1	FLFDPEKIHHFTFALIKFISKIPGISTLIRQLYQVEDERLHRNLLGLTFKNPVGLAAGFDKDAKLFKELSDFGFGFI
890	1	QAVRVDPGVFDRRDVQALQTAIAEAVQTAADNAGKLATQKMGPVEITLHMTHDHFQGG
891	1	VNTTTGKMTMSMHSDLKAQIQRYLVQSGNYEKISNTLNEKLLESGWLDKVK
892	1	DEREPMNDYHVCSLVVYVSAEHAESVKKTIESLKGAEVPVSNEVGKMVVVLEGDSKDGLVERFEKIKTMPGVITVTLVYHQ
893	1	GYEVKGTKTKEIISFVMEADSEDDAREKVDDMCQKLLCNPIIHNYAIKIIKMDLTCGSCGKMQSESVLIGTKPLHSYILAAFTKFNEN
894	1	TLTRQCQQALERAELKVQELSQPPASEDAPASSPEAGIRCEAYLDNEKLGYKIRQAQMQKIPY
895	1	IKILEANILKNFSTTEHDAPMNLSEELDSIYKEAIQKIGSSISEEDLDKNKNDFIGKKGKLTAVLKNVASLSIEEKKTQSDKKQTNF
896	1	DDQTSIDGIRRGAFRLHPVGFWGISKGCITLPETHDFYRLREFLLAQSPA
897	1	VREQALMRVDALLRRIQSHLEDGPETAPAAAADASPDRRLEGEGRRLLHLGNRPLGAYLFTSPHWQRGPLETGLCRPVIPGQP
898	1	LRVEELTPSDEARMGFVVKQELSEVRTIFIQELGAAISSRQVEDVR
899	1	STRMPPKIHPSLSTGYFVSLDTMPP
900	1	SILGVVLTGMGGDGALGAVKIADAGGSVFAQDEKSSIVWGMPGAAMEAGACVEALDLEKLGHRIGNLLLVKGKKDEMEISF
901	1	CLGYCGICFEGPFALVNGEVVQGATVEELVNNVYEYLDENPMFMG
902	1	GVIEAMSTPDSQPVSIKLLDKAFNFNCPADAEAELLASADFLNDRMLEIRKSGKVLGLEHIAITAALNLAHELLQSKQSLNSDVETHLRHLGNKI
903	1	TEHNLENVTKKCSSSEKRCSNLTAEVSDLTQKLSVLKEKAQKQDVTVETLQSELDQEVTRLEAELALVKEAELVAIQAQKD
904	1	IKESIIKLESFDISLDDSITEYEKAIKLIKEAEKKLKEVEGKLEVIKINVEKEMPLYPEYAKAIESDTADIKNSGGRQGG
905	1	FTLTVKGEYSSYKDFPVVLYQIQTKYRDEARPRAGILRGREFIMKDSYSFDVVDDGLKTAYHLHREAYQRIFERLAVR
906	1	WTSVARARSVWKGPNVVDFGVNVQQCIKGNVPIKTAVRSATILPRMVGAQFMV
907	1	PNWNVKMGDIRPLTGSNGEIRFDNNYFKMSSLKIKLVKGRAGKDKRQLATLDALDLTRKDKVVIKPDNPQIRGMIRTVHHLVEWEEI
908	1	YPGMAETDPKTVQDVTTMVHTLLHQMQDKFQTMSDQIIGQIDDISSSIDLEKNIADLKTQARVEETEGENKIPPICNTMD
909	1	HYEKRAKGVPKCPITGLPIGGMNKKVYRFGIKIRAPSRPYGGVYSHKVLARALRLAVRKMTEYKLVVVGAGGVGKSALTIQLIQNHFVDEY
910	1	FLSNMNINKESIHGFLKQCERVLRISKKPDNEEYLTVAKVTGVGIIIIGLIGFILSIVSQVLFYSMNYIPDWNEELAKKIAKSEFIN
911	1	AASAQELYSSLEQVVAEEEIERVVVGKPITLAGRESEQTKISLNFADSLAKYLRAGGH
912	1	IFLSALSIVGERENIRKMYIFGRDVLLKIEGYNYRNGEPTDFRYTVTIFGRHPYGSQFNIP
913	1	DNILFISTLHGGMD
914	1	KRLGIPDSQIILMLADDMACNPRNPRPASVFNNAYQHINVYGDNVEVDYRGYEVRNNSETLDECKDNYCLSDTRQ
915	1	FTPYANYMPGYEDDVIMAAGTFIQGASIELSADGPIRPPYVAYVQGGLTYSHVKIAICSAIDALIEKELLTISMNLETPSQENLNFMLTEIT
916	1	RINELARKAKSAGLSEEEKLEQGLLRREYVDSFKENLRSQLENIEFVDAETESASA
917	1	AACKRLTEAGIRVSLFVDARADQID
918	1	KQLIRQMCD
919	1	LAICFMLYIPLSADGHSLDIVHQVPEGHVGVYWRGGALLKTVTSQGSTLRCLMHETCSIQCLREMLYVQIGG
920	1	ILGIVKQIKGGGLIIVELQNGTMIDCHVSGKIKKYNVHIILGDTVEVEISPYDLTKGRIVKRLLDPKPEESTEQKMVKKKETIQFE
921	1	PNFKPEELQGLPKTHALNVFLEDLV
922	1	LGLLGVNDLTQACPKVSFEPIPIHYCAPAGFAILKCKDKIQWDRNMPECQHSTMHTWNQTSSINSTAVKWQ
923	1	VIQDLLADILEVETSSINEGDSFVEDLHLGSLELIELVEAIEEEFSQRSDGFRIEDEDLEDLK
924	1	TFQVTTATNFIVLHSKDLNLARILIVQSNETITPVLQHLEYPKHQQLYIKIDGTFI
925	1	LQSGASDESVSPSMNYPNGKPYSKNKSLDGRNPSPFSSNIEYGGRGMSLEKDIEHSNAYYLKSGIAVIHKKPTPVQIVNVHYPNEARLM
926	1	FWLNPRQVQVVPVGKGF
927	1	LHKLPEKLRRYVLRGEDEIAPGLL
928	1	GSFVTHGTERLHMVSFSAIVFLSRNPSSRLQPTAFEMRQRNEKFAKDARSGKKPTHLSRQEKLAKRSPVNIWILGVI
929	1	KEHLVKCEIALGKGKKEYDKRHTERERDSDRELQRAVRSKGKDDMHKFKIQPLA
930	1	DEYGRLHQVATVDSQSFLGSPINAFLLVKRLSSDWMDLENQRRTEELGAKVNRLKHLTLDMDKELKNQNNFLGSM
931	1	EILKEETLQSLVDHDVQTNSVRKQRSHSRNLLKIKCGLEFLKVLFEQVELTQYVPLIHWLLMSLDLQV
932	1	IVIGQAGNGLVSVSMQGSGT
933	1	EQIKHHITRMGAVCNVYDQ
934	1	TSDTYSDRASARARREARLASLTS
935	1	SMPLPTDVGQKITSIVAARL
936	1	EEIVEHLREAGISATQATVSRDIKELGIVKIPLKDNTYIYELPKINREPSI
937	1	KGILTVGVVTKPFQFEGARRMKTAEAGIEELQKSVDTLIVIPNQNLFRIADEKTTLFSAGFIAHRASKNVVLKYFPELH
938	1	AVNDSDMAIV
939	1	LDSVDLIEIVIEIEGAFDIKIADTEIQQIKTVHDVVELIKTKLAAKM
940	1	RRGGMKVLIFGKQASGKGTQAKLIAEKYRLVHIATGDIFREIRKEDSELGKKVRALIDGGKLVPDDVTTEIVMAKLKSLGKKGFILDG
941	1	KLGTEARMGSDTEVESKLSW
942	1	QIRHKCCVPPPKYFFFVFPKGYRMPMNPSRNPGHGDKPFEERKLVGKYIFPNKDDPR
943	1	KGSKRKILSLISDEIIKMRQKSKMIVISNFPVYPKTIVEARPIGLLHMADGKHRDDKIIAVHHNDPRFKDFSSLKDVPDHMRLEIKHFFETYKA
944	1	PAARGSHVSFAFEHGYAAMQALIADNVIGDFRAPDVMRFGITPLFVNEADIIDPVDKLERILEEERFKDAEFQK
945	1	KHFEIRIELREDNIPNEEELFEILTKNKPVGILKQKDDKFLRYIMSLMKNMMLLMDSGKSDINKHAYKETATPLPVDPPSYE
946	1	CFEKGIKIARDCHDALRNAEQRVELLTHEGNTLVSHRFEPDQKMNNELENEKSNESFEQLLTKLDETVRKLEAGGLSLEQSTDL
947	1	RVFAMCQMKSMPNRFKEYLLSQEIGFASCEVIGTPINKSKGLEVESQFQG
948	1	SAVLQRGPQALKEILAGIERWMEVREYESVAQLKGSMSQQNLPDPSAFARAAYLNALNSFTPPIGVRYSEQNPLA
949	1	ETMLEITGRLGIPYVFKSSFDKANRSSADSKRGPGIDEGLRDLQYMSIAAIIDHTVLKPTVLLSEIEQVCTEAKEYGFASVCVPPNFVKHAKKH
950	1	LHIGGFEELNKLEMSGTLDKILNEKMAYQIVKWTGRMAAVLSGD
951	1	LHLCAWMAQRVIDKFGDEEISIGDYVLSRGDLLTLIIMDFVIRIKEGVIKKESF
952	1	KELEATIVNVEEAGGKLKISMNG
953	1	VNMDEFVDLTAKHDKSVSWMKKNKKINFEDSMNRLEDIVNLLEDQSTTLEQSIDLF
954	1	FAESLFILAPDASARAIKLNNNDKVISYDEFVTLSLSTNQSITWMAKKKLENLTFEESLYELDTIVHNLEQGELSLEESM
955	1	IGPNGSGKTSVLEAIYLLGHGRSFKSS
956	1	DKGKEGSVTKVFLKTDRVIVEGVNKVKKHQKPTQAEPKGGIIEKEAAIHVSNVMLLDASKKKTIRASKRESNKKMAR
957	1	GEDEEEALEAVKQVLAQENDLNPMADIDITTANRIKSIIADQLGVSPEEVIDNAR
958	1	VEKKTGELVRPHRAHKGADGALYYKGKQI
959	1	LIAQLQS
960	1	ELNGEKYDKLTRHGFEAISSALVLYYEILDHGRFDSLDFSCMAVYGSDYVVMRPKLAGKRLDLITAFMNQDEVHILRA
961	1	DAIQAVSTVMRNEGLAKMLHLIMSSPVTLDIDYLETFIAQADDILLLQDAVYAGVANSHYFSK
962	1	LAIQMPVEKIQIRRDYVLQYMVNNDYSLNQLALEIGVSPATLSRVL
963	1	EEFDVELDEREIV
964	1	ASGPSYRGGRRQGKVTVKYDRKELRKRLNLEEWILEQLTRLYDCQEEEIPELEIDVDELLDMESDETRAARVKELLVDCYKPTEAFIS
965	1	DCRDGYYEADLCPDRSIHSFQ
966	1	FTETIHADSVAKRPEHNRPEALKVSCGKCGNGLGHEFLNDGPKKGQS
967	1	IWLCRQCFREISRGMGF
968	1	LMLLGLGYEVHWHYMTFLLLLVSVCMMATGEERTKRDVCELPFEEGPC
969	1	RNQDGGTVEACGNAARCIGRLILDETGKDAVMKISDFDFHLPPNLIAQEPYNPRD
970	1	EEKSSSQDKDSYTKTMLEKDTNTLARKMGEEAIETIVAAIGQSRGDAINESADLLYHWLLLIKKLDINPNEVYRELANRRKTSEMQFRYGTEEKS
971	1	IEYVQKHLNNQQEMKNKITKLLENALNISVQKGQLPEVSLPCMEV
972	1	ENYQRMVELLMRYRDALRELEQIISSLENEEVDVDELAEKVKRARELIDFLKSK
973	1	EMNSKLAEDLGADSLDAIDIVMTI
974	1	ALEMRHAAPSLNPVCGALHEVPHATLLGEAGKPLPLSLLTSWTDLHGRLDRMQITTGMEATYLYEQDGKILTSD
975	1	VDPFDIADEDLPFMLRVDIITLFPDLFTL
976	1	FKHALKNGDICETPDKPKGTMAPYSLLVTRLQKALGVRQYHVASVLCQRAKV
977	1	GAQLGRFVNHHYLHYVEDPVHHRLMVKKEILEHVHDAEIAKAHLRKMTGIT
978	1	SFPACIVFLFQMSQRQRSFNANLRVFK
979	1	PMSQKQLPPVKVRDPTTGKEVELTPIKVWKLSPRGRRGVKIGLFKSPETGKYFRAKVPDDYPETGTICYNHLT
980	1	EELDSLVNQMESDQLPLEELISHYERGAKLLSECETTLTSAKKRLETIKNGGTKGSTKT
981	1	LALTVAVDTFFWKKMLWPEGQVLWYNTILNKSSNWGISFCPKSAPVY
982	1	SINEIIKKKFANTINGYDPEEVDSFLDEIVDDIKKYLDTINQLEEENKNLKKLLKGEMAKEEMLEFEGVVDEVLPDARCRVKLDNGHEVIAYTSG
983	1	EGFGAEVVNVGLVDSPVVAREKAQVLKTEDVDILFLYVSTYALSST
984	1	VETIQDIIDLLEKNN
985	1	AAMQALIADNVIGDFRAPDVMRFGITPLFVNEADIIDPVDKLERILEEERFKDAEFQKRALVTMAQKKFEDMVER
986	1	RNCWDALHHHVVSSGSSFGSGGGSGSGIGAPDGNMHQFYINDAPSLKIAPINLWV
987	1	ITGNSMTNQNELNELNELTFEDMIRELKSINDQLSSDEISLDKA
988	1	DEEYVSKHLDELILNNDLNRFILMNNAKMWLVVKPTVGIPLFLVACAIASFLVHLMLVLTTGW
989	1	TLNISADLQSLFTWNTKQISLWDGIIPAKENAKFWIHTSNKYRFIDQGSNLRGKEFNLTLHWHVMPKTGKMFANKVVMSGYRLPEEYR
990	1	LITHVKLSSDWYMGQGKLMPMATTIEVADYTNIMPITVSITVYLGVSIGIDTSTTGFTCFSRYMSMRLVVVLLPLGIALGW
991	1	EHLHLLEFHRPDETA
992	1	ILTELQSGSARIDELGTRVQRAAELIAFCRQKLRDTEAQVENLFPPTMSGSNPISREAVSVAVAEANQAIEAA
993	1	ITSDKIEDKNLSKPVIEIIISKMTPINKENLTRHEVIGLQVCVVKSSNRTHVGIK
994	1	NKLRQRHHQGDKWYGIDIVKEDIGDNFESCVWEPAIVKINAVTAACEA
995	1	EEGRAVFNLEESIAATLKIEDHTCHYMRGLLAGFTQETTKKELECIEEKCMSMGAKTCQFLIKPRNEFNPTSELTK
996	1	KGVDFDELRIDLDPVAFAAMQEIVPNARTVPQIVIKGAPVGGFDDL
997	1	QFARTLERGLAL
998	1	VLAGPGQLIVRLAAEGMRPAESIRLTPMSSQNWQYIDQLVYWGGSAGEGLIVPPTADVIDAAH
999	1	LKHLLAHPRPPATCAKLDLHGRNIAGVPGIPRAMEYLKLLGSEQLSTELVILKYRIALSTEPVEWLLIDPELPLVAEY
1000	1	ARGQLNQAFAAKEAELFAVEERAKLAASGIHTAQDVIKMVMAGADVTMMCSALLKNGPQHIAQVLSDLHHWMLEHEYISIQQMKG
1001	1	MIQNDSTKLEQMVEIFERGTYLSKYCKNKLEDIDEKISLLVKENNIIEEKEISDMRSLPILAR
1002	1	DSLDTVELVMAFEEEFGIAIE
1003	1	IVCASEEQSDNRLPNIDFGLDRGHSGRMTAEYLMGLAAANDPNGPGRRRRSPIVREEILRHPMFLLQFAQRVKDL
1004	1	AVQVGT
1005	1	GLRDSWAKAQKKNSLAKKVLAANVNGELTDLREELVDGSEVAFLTFE
1006	1	IKAAAVNAVKNAADEKQIEELRVAYLGKKGELTAILKQMGGLSPEERPKMGQLVNEAKSYVEG
1007	1	RVFHSFSKRVLVPPSGPSMRHNSVVNNLKHMDLSRIPPQPKAGILNVLIEIPAGS
1008	1	GHVVVTCDCGTHARYPYTGMFKKSVLFATLLSGVMAFSTNADDKIILK
1009	1	FVSTGLAYDVFGSPRPNEYFTESRQGIPLITGRFDSLEQLDEFSRSFMTQSNPNEQNVELNRTSLYWGLLLIFVLAVLFSNYFFNMI
1010	1	RISAFGYLECSAKTNDGVREVFEMATRAALQAKRGRKRNTCCLVVGSFQL
1011	1	KHYLRVMEKVVNGSEEYLQKETKRLEAILKKRSLSPSKLDEIKIKANILRSFAEQKEEEAEDTIRKDTAELMAPTSNI
1012	1	AKSVRLRIYGTEYPLKVDDEDLTNRAAEHLDQMMHDLHSQIPDQPP
1013	1	SLRLIGKLMDDSDLEYMESQSDERISGLSAKVQVLKSITGKINDEIKSGNSLLDTMNDQ
1014	1	SFKQKITNLVEASLRVTFPNGPNVVPLIAPCAKKDAGDYQCNNAMSLWPRIRNMGTEFTGPEPIGQDNLMTQIAGSTSDSDSGGGPTPTDQVLF
1015	1	IVIVIEGPTAGHLGETLLGISAMEDVLGAHMVFEQAISDEEVSDDGRTHAAMKLSHYIDH
1016	1	KIENGQEEQVKEDRLDYVQETLAACCEALRGSDLARDPRAEKQLVALLAAPLDAYS
1017	1	SGEWDRIKSSFKAKLNETGWTDDFQDISKETARDMDPISFRDLLNELSPRAHTTIPLP
1018	1	DTDNTDLPIEENTDHADPPIEESTPTAEEPPTYNLRPQRRVDYKPFYFLTTNATCLKRLMAKKLRGQGTERVLKKLHTNIELGQYY
1019	1	DFKKIAYTKAELVDKQKNTAMLVILAESAAVVSESPSDLCQTKQEEAFINRLPPQQIEKSPWSNKYDPPLEDGAMP
1020	1	ATNIQPITGQPEWMVLFIIHYQKEFKKIQHLEKENSKVKSDVKKL
1021	1	LTRETMQDDNTTNFSEVLKRVEPEAVSLVSANTKNEIMQQIKAFLCDILDTQVFGSGGITNGK
1022	1	NKSSSKGKNNIETEEAEDSAGRGSTYGFGPYGGGGFSSKSSGEE
1023	1	VEEIESDGAVFNPNLHNAVMTESKDGVE
1024	1	SIKRLGIPDSRI
1025	1	FLQVYVIGGDGTMRGAVVIFEEFKRCRLRISITGIPKNLDNDIEIIDKAFGFQTAVESAQMEKSDRRSEESHLWIPLQCLDQTLRAILKCLGLFHQD
1026	1	TAELARENERQNLVARATLETVWQRHIADSAQLLEWGGEGSSWLDLGGMERGIMLIRSQLEDVLKKRGVAVIQA
1027	1	VAPSATLTDWLKNQQASEGFFVLDNCELSDTHEMNSAYKYEDGIERLEYIAEQLEKGDLTLEEALTFFEEGINLIKT
1028	1	IQLFNMLQRIYATAFWTKDELNEHLTRIEEAEKRDHRKLGTQLDLFSIREEVGAGLVLWHPNLSVVRQ
1029	1	MMKEIELHLVDAAAPSGEIAIKDLAALATALQELTTRISRDPINTPGPGRTKQFMEELS
1030	1	KDITSEMFEEKSGYEVKKYKLRVLYVPPEPAIASPDEGRIQGVARVGSGPSLHPMHRSDYAERQLRIMQ
1031	1	EFKIEVIDIDFNNIKTVEQFINIITKLIKMTLKKDEFTIDMIIGLKVFDLQGEFIGTINDAFHTKANDV
1032	1	ISELNL
1033	1	LQGLVCAGMADMTRPAEKLSTAQSAVLMATGLIWSRYSLVIIPKNWSLFAVNFFVGCAGGSQLFRIWRYNQEL
1034	1	AGLGTGTKVEISCDGPDEQDALGGLLGIKDGDETLFGEMKKISLPKI
1035	1	RFELSRERSIFDVLM
1036	1	RSIQILEHFDRIGLTRRIGNDRRLREGSALAEQLLGGVSPMLDVHDPISGEYALEVSSPGWDRPFFQLEQLQGYIGQQVALRLIAAVENRRKFQAK
1037	1	DGAVQDQIDDTIADAVSRARAAMPHGESCAECVNCGEDIPTARQKALPGVR
1038	1	CGRKRPFLGIRLKRLELVDVVRMKSKEILGYDIKEISNQTVEQL
1039	1	KHLIVSTWKTANSF
1040	1	LKAGVERLDEQVYVLARKLRMAQGDNQGLAITLLGKQHMIACPKGKEEELLAAANRLNDELNEFKQRAHTKSDDKVLLMVALNLCHQLLS
1041	1	FASPEDLASAPALAELLRRECVG
1042	1	MLVLTRRRGEEIVIGDQVVIKVVESHKDSVRLGISAPKDLTIRRGELLE
1043	1	GEVRFGLTAPHHVAILRSELLDRHADHPSRNPKHKSLPPADEAL
1044	1	SPLLEGVQLTLKSLLNTLEKFDIVAVDTEHGFNADLHQAVGIDPNAKSG
1045	1	LREVEGVFYTTLTMVD
1046	1	LKIILDGKEETFLEEMLQLIFQTPPDAAVLARIGAGDDVVFLDGAVLGLLKNSRWAQEISRLTGACQVFALADDLQIRGLAQADLVAGLA
1047	1	QIMDALAHRHQPRPDQKMEGFEEKLERLENIAELMRDSQVPLDEAMKLFDEGLTIAQQVEKELR
1048	1	LHRAEQSLHDL
1049	1	RWMNFQLKKAGYKRIVTNFSTDVKV
1050	1	EWNPEGKAPPGFKNVPYNPSTFTRKPGSLPRHTLGLDIKPPISGNKKMFGLG
1051	1	QAYWGTEEPADKAGGYGLQGIGSIFVEKIYGSPSAVVGLPMLETELLLKQFGIDTWSGRIDRTAENSVEFDSFSGGLLDWPHYTRPATYET
1052	1	KIVIHGATIEMLIIPIKDGENIDRALKRYKRKFDKTGVVRQLRKRQAFIKPSVINRAMIQKAAYVQNMREGLENM
1053	1	EMMRTSPRDSISNLPDEILGKILSLLPTKVAASTSVLSKRWRNLLGLVDNLCFDESVVVYP
1054	1	GRRQGKVTVKYDRKELRKRLNLEEWILEQLTRLYDCQEEEIPELEIDVDELLDMESDETRAARVKELLVDCYKPTEAFISGL
1055	1	PPAPPAPPAAAPQAAPAGGSGRKKNVNHNVITIGMLIMILIFLIALLGLGLSQTHLLSVLLCLEMMMVSLYLGLGMVSISGLHYPLMIALVLLTFS
1056	1	TQSHPLCGTSLEPTPMCKRVVQQCYLEPHHQTLRSPGKLSLDSFTSLTSLHASSACTSPRWSGTCYMTNQYPPQQ
1057	1	DEHPSLLAALESHNVAVEYQC
1058	1	RVGLRSASLAGEAGGLSGKPLFERSTAVLARMRKLLGSQVTIVGVGGVDSAETALEKIRAGIADYERGVARFAA
1059	1	VEAVVNGKMEIVSLKISPDAFTSVSPEKLERNIKDTINEAIGKAQKS
1060	1	DNRIIQALPTIKYLLENNAKV
1061	1	DYSQLTPYVKDSAIGQD
1062	1	WKESGRWNAYGAEMMRINDRHDNEFCLGPTHEEMITTLVKNEINSYRQ
1063	1	DKLVSEMEHGTVKSFDENRGFGFIVLDDGTEVFVHYSAIEGEGFRVLKAGDQVS
1064	1	KYYTLIINNAFIENEIVPDLIEKHMNMYWFLGALLYFLIGTYIFIRVTRDSQSGSWILLALAAPLIIAGYPYFYSKKLLSKRRM
1065	1	DISEMFEKKSGNEVKDFELKKQISCSLQLSNKSDNHMVLRIRMDTPNHFNWGSIFAIRISSGGDDVAQEIETETK
1066	1	LEGEIEACMTKFNFEKQLSRLEEIVAKLEEEQTDL
1067	1	WNHSYLYAGHAYYKPEPYRDRANKW
1068	1	VGRHYATKV
1069	1	MDRGSSLTLGPYQQVDYFLSAKINQGFGEENGDFTPLVVPISNVLDADLVDSNSAKNSVVMPLVGFMKEKKRATFYLYKNIDGRKLRYLLH
1070	1	PVYLCASLSLMNKAKIFMNGQSQAVRLPKEFRFSVKEVSVIPLGKGIVLQPLPN
1071	1	ADTALREARSMGVSLEARFTELLI
1072	1	IVVTIEAETSVESHDIAATF
1073	1	ARMMTAIDRAKLGEEVQGMKSIKVTILGKQYPLKVEDSEEENMIRICN
1074	1	ARLKNL
1075	1	EQELESTRERLAKHEEMSEGWEEERTTIRSRIEKVLGELEFLDRSSDISAC
1076	1	TLVIWTVVWLKLLRDALLMREKEFSKSTHRLKVTKEMDIGTLLNRAHKVSTFDGKNLIVLDNGNLYDQAGRREVPV
1077	1	VIVVVHRNDDIEEKWIVTPENISFTKGKIMRQIKFQEKYFDSFIIMMKFEEAYKRLNEISAEMEN
1078	1	LAHLTELPDSDHWCGWEMLARWSSRINLVAPTTLADLRERHILDSAQLLAHIPEDARSLCDLGSGAGLPGLVLAVLAVEFR
1079	1	EYGFASVCIN
1080	1	PLGSNWNEFEQQIFNEEEIRESNLRVALIKELITSRQQLGISQKQLETLSGVKQPMIARIEKGQTNP
1081	1	PSSSWTSILAASEPVALFCAVSFSNIRDVDSEAMRAKLQDSMVQKEALQDQVKIIGGDLDGVRKEQQAIRAKIKQLDDALKEI
1082	1	EWNRDLQLKRVQLKQEDGSLCLVQF
1083	1	SMEMDLMVSCFS
1084	1	QKQEDFFNSKRRLDNDEVEVRYGMFEDPVRSSSAGTTMTEDDEAV
1085	1	GVTQDSNIQELGLDSLSTLELVGAMERELGVQIPDEQLVGIQTVGQLLEL
1086	1	KADLEQQRSQWEDAVKSMLSKFEQVTEAMLILSRRASEKVTIGNDITVTVCRVKHDQVKLGIDAPTGVVVMRDDAVAQAPK
1087	1	LSVAAFFDFEEVRGRERATRSETAKAVCRGCPVRVQCLEHALAVEDFGVWGGTTASERELLRSRRQVADAS
1088	1	AFHLSSLSLMSGSIYIIHNSIKAPAKRVMTKDEHARLFDGLYNERFNDFWEVNERLMSFKSPIGGDEFG
1089	1	TPPPETVAPPAADERCDRCNAAGKLRIMDKVFNVGKLVDFQWKLGVSIASNHSSQLNTPFITVFVKVLDSNSEVTSHSFELTIPE
1090	1	GVNLVDYPAFVDLCEKYEKI
1091	1	YKEIAILKKLEHPNVVKLCDVRTDTVRIVDMAGEIVEPWDDNIHQTYKQENVIGKGAYGVVYTVT
1092	1	MVALNLSHEVLHSA
1093	1	LTDSFTHDLGADSLDRVEL
1094	1	PLDELESKVKRAAELIGDLRSRLAATEMSVKNILDGLSDSAGAPDADARDEEEEDDEDDDENEE
1095	1	LHGDLIVIQNPVPGLFHLWHEKRCADELTPKQYRMCIQSKAMNEASHSHLG
1096	1	KRQGDEEAANYYFSKYITAGDNWI
1097	1	ITWEMLSEKLLEALNNQINFEFYSSYIYLAMASYAESEDLAGFANFFRVQAQEEIFHAMKFYDYVNQMG
1098	1	LMAIGYRLATFNDCNEASQELQQEVKLARADLSAKGFKFMDSALEDYQHSVVVGDQCIKITGQSLDLVQ
1099	1	ADEARNIAEESCKKVLVNAVMETADISVAELAMRTLSGFLNPGNPKKKIDLCIDFSLLRDLNYYTGFVFQGYLQGSPDPVL
1100	1	GRVNVDSETLFRQFGEIETKVEKLIQICGSQQTANLELHHKITQLEE
1101	1	AKGDIILLI
1102	1	GEITLMNRNFERPISLGLVIASRAFFSPEPCAQAREDVLKQMNLLG
1103	1	QDKEGIPPDQQRLIFAGKQLEDGRTLSDYNIQKESTLHLVLRLRGGVIEPSLRILAQ
1104	1	TGEEAIELLLAEDHDEIVSEASDLIYHMLVLLAAADIKPEEIFKELE
1105	1	YEEEFETEIQFLM
1106	1	VEGRLEGLGAAIEKKPSYVFASLEQELDKKLFGQHLVKKVIVKAVTGFLNNTNPKKPLTLSLHGWTGTGKNFVSKIIAESIYEGGL
1107	1	SWTHNIAKEKEFLRKLV
1108	1	FPVFDVPPDAPTVTSEDVVRALEDDVMSSSKKNNLGYFNNLKTEEVSQSQ
1109	1	GLKLEEMMSSADVFILGQRYQIKGEESEEYIKMLARYVDKKMSEIYDASPNIHPMKAAILASLSMADEYYKLKEQYETIKTIIDDQA
1110	1	DKMLSKSIIRFTIDDSEIIDGQGVQQRPENRIHMNWRMNMTPESLVRHELAGLDVEVA
1111	1	KRQKMEQIDVKILDRDYRLAVSGDTKP
1112	1	KCCKPVSCGMCKKTENTLIDYKGNPISLADEFTVLTDTESEEEGMADLEKPLLEKVQTTLVAKCDTEAEKKLPCKSKKMEFFWTVLKSNDSIF
1113	1	NCPLKNGDLRTPVITIFDARGCKDHANKEYTGPKAGGADDEMCVKVAMQKIAVA
1114	1	IDMLKMSNAEE
1115	1	FECDIQIGKEELIVDAKSILGLLSL
1116	1	SKLRDQLQILCELRQVIKKVEIKLSMSTELFNQLEQKVTSAVEALELLKMEAEELREENTRLKQ
1117	1	TFRFEIWKDEKGRIAARNLRLMDAGIVDFYNAERGFGYIRPKGGDPDVRVEFEVLRVAGIRMLEQGQSVQFSTTENAVTGKI
1118	1	EKYKEKVPNIVKFKEGKIKSDGKIIIRWEYENKSMDQNEANIYNENNENNENNEN
1119	1	DEMSTDTNF
1120	1	YYEDTAPLVPIYAERGILVEVDGMGSIEAVAAAIDAALKETAMSKSSQSPSA
1121	1	HYNRGFRQAVSVVVAMEKLRKMLVPCPQTFQDNDLSTLIPFMAIYNLYIFNKDGTCIFYREWKREKQSGLPRSEEYKLMFGMLISL
1122	1	CSRERCLKALYLLGLKEMQSIFEDGNSISLNYEFCNENYEIYTTE
1123	1	NEVFQALMHGTRPSLADITLILEEIPEIIDLHCDEQFDSSEEENNHQLTEPAVQAYGVVTTCCKCGRAVRLVVECGPEDIR
1124	1	FFFDTSEEYGRSIDVLLDSLKTKDSVIVRDEDDETEDASDTDELPEAYMTFYRSDA
1125	1	HQKNVFNQSRLKVGARVVFNAENSEK
1126	1	GLFSNEMLKDTNMVVIEAQVDMPVVGAITLYVSLLTFTLRVHPDRLDYVDQVLVEALFELIKGLIGDMDETQDDEVSI
1127	1	DIPDEDVKSISIVEDAVKYIQDFINMGDVFPELKDNEKKIKAIIKEEEASFENTLAKGYERFRKAADAVKENGRAIL
1128	1	YATTVGTPYKGGNLYHTDVSLLGEPTEFEYLRKVLFEYMMGRETKTMAKVITTVLKFPDDQTQKILEREDARLMSWLRSSSMSFIFDWIYS
1129	1	EAARPREDADRDVETQARENAYDLE
1130	1	EDELELIDFSTDGLDAND
1131	1	SYTRFVQLCTECKNTVSWYMAEKRSFESEVKELEKIIKELEENSSNIDDAIDLHRKAEKKLKECEEILNEASQKIEMYKRDENMINQ
1132	1	IEQQMDIELPKGDAKDLTTVGDMIAYVEEHTSKKYELANK
1133	1	GLLHLAGYDHDEEFTGTMRDKQEAIMQELAIGRMSTPVETPTIRILTLFPDMV
1134	1	AAAALACTGASDVDAARTDGASEGGFTRMTLQAVVIGTSAGGVQALSQVLPRLPADFPAPVLVVVHVPPKQS
1135	1	YKEQLESIAQMDTYRMR
1136	1	NNTGEISDITTAIGQMKGVLSCNMVFHQIEQEPANEHHNTNSLTLERGMYKGRELW
1137	1	VSLDRVKRGRGPIVVTTVGATLVVVLSSSLYSMAKIQQRTLEAGILNPTDQVLMSKHMLEASL
1138	1	TKELVKTKDRLLIKISLIKTNFLFYKNHPSIVFSHVIFRSAAVFFYVFA
1139	1	IAEYIVSEFDNQKLRLFKMEDVSMGMWVQKFDKTRQPVEYSHDVKFFQAGCFDGYYTAHYMLSSDHSPSTPDLKL
1140	1	SAEDDNQLTEVEGDGGCLRSGKWGSMLQNGIDLSTVDVSYVSSRSWYFLNLFGLRG
1141	1	EAALEPAMIKYDYEKAYEKLEEIMKRLEEGSLPLDESLKLYEEGIKMYRICSGLLEKAQ
1142	1	GIEVKYFMEDAPKKFFRLAPGKEVRLRNSYVIRCDDVIKDDAGEIIELHCSVDFDTLGKNPEGRKVKGVIHW
1143	1	TLIDGVLAANMVYEHAEEVT
1144	1	RAKDLQSESEDLK
1145	1	LNDDLSGSLEDLVGNFDQKINHCLRDLGESTEEMAPVTVRTQDEIMSESHPVVLAANPVGRGGGCDEKMTLDLKLFPVEATTLCFDKEEFMTPDFD
1146	1	HSDSPEDAVEMIKYIKEFLISNFQFLNIKVLYGGSVDGKNIKKFVKYKEIDGFLIGGASLKPKEIKNIIKSIIDIYRQL
1147	1	IRRGAAGGAKMSETATAYKLFRCLQCGFEYDEAIGWPDDGIEPGTRWDEIPEDWSCPDCGAAKVDFEMVEVDRMAKRD
1148	1	QIALLEGILSTTLIYHEFAELEAGEEQQMLILTRKLGESTIIGENIQISVVEINKHNIKLGINAPKNITIYREEVFKKIKEENKLSSTSDIIDLT
1149	1	EHLGFWDDSIAVEGQGQLSKPLNATLNAMIEAKFKITYSHGMHARPATMIVSKATSFESKMILEYNDVRVPLKSIMGVMSLAIPQNVNFK
1150	1	NIHEFMNMGKIFQQVQQMQNKLNDVREKLEKREFEGHSGSGALKLMLTGKSELSSITIDPSLLKSEDKEMLEDLLA
1151	1	NANMDVINQSSNVAEKSLSNVTMKTNNILKVAVGASSVAQKALNSIANKGYNFIEDKILKGN
1152	1	VDAVRVAGLA
1153	1	RFPLSNIQPHQMEFTENMPHIIVKL
1154	1	KLVDELGVDSIGMLD
1155	1	HPLADYLRLLAGVCQAQQQVLDNPPASAPLDPARTRECFKHAMPPLAADTLVMINMLAFLGQKVNYEVNYGYIPN
1156	1	QNAVVSAMEKHQVQWLIHGHTHRPAVHELIANQQPAFRVVLGCLAYGRFNGKSHGGMKGESTEALLPNMVATSLAKLPIP
1157	1	ILGMMQVTKRIPFEDENVLNLVRAVYIGSNVLIAALYFYIQLQINKKKGKENISSPFVRGAVDPE
1158	1	INAKILMGKDTIQVEGVVINCLPNTTFEVKIDDPSYPSTHTIRAHISGKMRMNYI
1159	1	LKQVAMHVTAANPEYLRATDISDDVVEKEKAIQLDMMKNDPKMEK
1160	1	ASRIESDCLVVFTAIEAGDTPTFVTHATTDITDRDRQLGVSDVVIYPYVHLTETPNGRQGNFMQKQIEIFTDGSC
1161	1	KEETGEFKGMRVELIGHLKSVVDKDALEVRVEG
1162	1	KLYEQGTLL
1163	1	RQIKVREAYHSYQLQQNYPDRTPIGEIQLKGHWLIQAGFTIDTPVHIRVMEG
1164	1	HDLSLDNIKFFKQNIPGLLEVSIGHALISEALYLGLDNTVNMYLNKLKMVVFDQVYKDGVSGGDNQERNEEFHFRGPEENIQNQARR
1165	1	FLALQATGWRERAAQSAPDSLAQTHLHERGMKYTELAASAVRFGCQCSHESVVASLATLNREDLQSMVDEGVIELTCDYCNTEYALGRQHLQ
1166	1	YYTEFTPTEKDEYACRVNHVTLSQPKIVKWDRDMGDPAQQEAKHREAEMRNNI
1167	1	LPLPAPSFHRTT
1168	1	GWLKKLGKRIERIGQHTRDATIQGLGIAQQAANVAATARG
1169	1	QDCNCSIYPGHITGHRMA
1170	1	LLGDLLRKSKEKIGKEFKRIVQRIKDFLRNLVPRTES
1171	1	NQIIEQLIKKEKVY
1172	1	SWLRDVWDWVCTILTDFK
1173	1	PITHWSHGQNRWPLSCPQ
1174	1	GALFSLASKVVPAVIGLIKK
1175	1	ILFSYLLFYVLKENSKREDKYQNIIEELTELLPKIKEDVEDIKEKLNK
1176	1	MEAIKKLDLQAMKGIVGGKYYGNGLSCNKSGCSVDWSKAISIIGNNAVANLTTGGAAGWKS
1177	1	MFTMKKSLLVLFFLGIVSLSLCEEERNADEDDGEMTEEVKRGILDTLKQLGKAAAQSLLSKAACKLAKTC
1178	1	LKKVWKRVFRILKRFLRYLKRPVR
1179	1	ATCDLASKWNVNHTLCAAHCIARRYRGGYCNSKAVCVCR
1180	1	VNSKKISPKSIKVSK
1181	1	GFGCPFNQGACHRHCRSIRRRGGYCAGLIKQTCTCYRN
1182	1	KLKRKAKNAVA
1183	1	FIGGIISFIKKLF
1184	1	IRCPKSWKCKAFKQRVLKRLLAMLRQHAF
1185	1	ESQNQQEKNEQELLELDKWASLWNWFNITNWLWLIK
1186	1	LKKKKLLKCKLLLKCLKL
1187	1	RRSKVRICSRGKNCVSRLGGGSIIGRPGGGSLIGRPGGGSVIGRPGGGSPPGGGSFNDEFIRDHSDGNRFA
1188	1	ASILTNAS
1189	1	RILKELKNLFK
1190	1	KIAKKIAKIAKKIA
1191	1	MFTLKKTLLLLFFLGTISLSLCEQERGADEDEGEAVEEIKRGIFDSIKEGFKNAAVTLLDKIKCKISACPPA
1192	1	RLKLLLRL
1193	1	RRRPRPPYLRPRPPP
1194	1	GALFKVASKVLPS
1195	1	CVNSPPTMC
1196	1	TSQNIRS
1197	1	KKKLLLLLLLLLKKK
1198	1	WIQPKTKVAPYVRYL
1199	1	ALWKDMLSGIGKLAGQAALGAVKTLV
1200	1	KWKSFIKKLTSKFLHSAKKN
1201	1	FISAIASMLGKF
1202	1	IDRLNEVAKNLNESLIDLQELGKYEQYIKWPW
1203	1	CTNSTLQSC
1204	1	IIGAVLKVLTTGLPALISWIKRKRQQ
1205	1	PPPPPPPPPPPPP
1206	1	CCGCCYIAACARNNSNCSSHLECSTC
1207	1	RPPQFTRAQWFAIQHISLNPPRSTIAMRAINNYRWRSKNQNTFL
1208	1	RKKKLKFFKRLF
1209	1	KKKKWWWW
1210	1	MRLLVLSSLLCILLLCFSIFSTEGKRRPAKAWSGRRTRLCCHRVPSPNSTNLKGHHVRLCKPCKLEPEPRLWVVPGALPQV
1211	1	MGKLAIKAGKIIGGGIASALGWAAGEKAVGK
1212	1	MSPSTILRQAAADAEFRTALLTDPEVFGVAADAVPESVEQQDQESLGFWTEGVAAIDAYACASTCSAGPFTFVCDGTTK
1213	1	LDCWVRLGRYLLRRLKTP
1214	1	QDNYWVKQGLNKLSK
1215	1	APEPKWKFFKKIERVGQNIRDGIIKAGPAVAVVGQATNIAKG
1216	1	FRCRRWQWRMRRLG
1217	1	AYSGEKKCWNRSGHCRKQCKDGEAVKDTCKNLRACCIPSNEDH
1218	1	GLFAVIKKVASVI
1219	1	KFKKKLLKKQ
1220	1	MRILHFLLAFLIVFLLPVPGFTAGIETSFSCSQNGGFCISPKCLPGSKQIGTCILPGSKCCRKK
1221	1	RLCRIVVIRVCR
1222	1	MFTLKKPLLLLFFLGTISLSLCEEERDADEDEGAEMTEEEVKRGLLDTFKNLALNAAKSAGVSVLNSLSCKLSKTC
1223	1	AIHKLAHKLLKKLLRAVKKLAN
1224	1	MFTLKKSLLLLFFLGMISLSLCEQERDANEERRDDGDESEANGGEVKVEEIKRGLRPPIRCKAAFC
1225	1	GFGCPLNQGACHNHCRSIRRRGGYCSGIIKQTCTCY
1226	1	MFTLKKSLLLLFFLGMISLSLCKQERDANEERRDDPDENEENGGEAKVEEIKRAVKPPWRCKAAFC
1227	1	KKKKLVAPFLFFF
1228	1	EWKLPDLIINHITLTRRNCFKYRCG
1229	1	GRRVSARMLGDVMAV
1230	1	FKVVISKPGLSVRVGTALVT
1231	1	AAYFLLKLAGRW
1232	1	KKLFKKILKYLKKLFKKILKYL
1233	1	LGRMKG
1234	1	MFTMKKSLLLLFFLGTISLSLCEEERGADEEEGDGEKLMKRGLFSILKGVGKIAIKGLGKNLGKMGLDLVSCKISKEC
1235	1	MALIKKTFFFLFAMFFILVQLSSGCQAGLDFSQPFPSGEFAVCESCKLGRGKCRKECLENEKPDGNCRLNFLCCRQRI
1236	1	LLAIVGNLLKSLL
1237	1	YVLWKRKRWIFI
1238	1	ALLTRILG
1239	1	GLWSTIKQKGKE
1240	1	MKFTATFLLLFIFVLMVDLGEGRRKRKWLRRIGKGVKIIGGAALDHLGQGQVQGQDYDYQEGQELNKRAVDE
1241	1	IIGPVLGMVGSALGGLLKKIG
1242	1	RGLRRLGRKIAHGVKKYGPTVLRIIRTAT
1243	1	HPAGLKKKKSVTVLDVGDAY
1244	1	DNATVAAGHATLREH
1245	1	QRQIRSISGWILSTYLGRPAEPVPLQ
1246	1	RRRRRRRWWWWW
1247	1	KRKILILIGSG
1248	1	MTVNKMIKDLDVVDAFAPISNNKLNGVVGGGAWKNFWSSLRKGFYDGEAGRAIRR
1249	1	CLALNMSYC
1250	1	KWRRWIR
1251	1	MFTLKKSLLLLFFLGTISLSLCEEERDADEDEGAEMTEEEVKRGLLDTFKNLALNAAKSAGVSVLNSLSCKLSKTC
1252	1	VVCTFP
1253	1	GWFGKAFRSVSNFYKKHKTYIHAGLSAATLL
1254	1	MDANLVLDLDDLSVDQLDILPTAPGSTLESINVGHAMVEIGASNCTSKGSPASCCSCCCC
1255	1	RRRRSVQWCA
1256	1	KRKRFAKKFLRFLRKVIRFLKRFIRRF
1257	1	LVQRGRFGRFLRKIRRFR
1258	1	RRQWRGWVRIWL
1259	1	SKKLFKKILKYLAGPAKFLHSAK
1260	1	EEEEAAAGWGLRRLLKYGKRS
1261	1	MFTMKKSLLVLFFLGTISLSLCQEERAADEEDNGEVEEVKRGLFTLIKGAAKLIGKIVAKEAGKTGLELMACKITNQC
1262	1	CSCRANGSRIPTGERVWDRG
1263	1	LKCVNLQANGIKMTQECAKEDTKCLTLRSLKKTLKFCASGRTCTTMKIMSLPGEQITCCEGNMCNA
1264	1	DISGINASVVNIQKEIDRLNEVAKNLNESLIDLQELGKYE
1265	1	YADHTGLVRDNMAKL
1266	1	GLKDMIKNLAKEAAVKLAGAVINKFSPQPQ
1267	1	VFQFLGKIIKKVGNFVKGFSKVF
1268	1	MRTLAILAAILLFALLAQAKSLQETADDAATQEQPGEDDQDLAVSFEENGLSTLRASGSQARRTCRCRFGRCFRRESYSGSCNINGRIFSLCCR
1269	1	VNHSACAAHCILRGKTGGRCNSNAVCVCR
1270	1	AGAGTGATAIGMVTQYHQVL
1271	1	WEDWVRWIGNIP
1272	1	YTSLIHSLIEEAQNQQEKNEQELLELDKWASLWNWF
1273	1	MKFTIVFLLLACVFAMAVATPGKPRPYSPRPTSHPRPIRVRREALAIEDHLAQAAIRPPPILPA
1274	1	AQWFAIQHISLNPPRSTIAMRAINNYRWR
1275	1	MNDILETETPVMVSPRWDMLLDAGEDTSPSVQTQIDAEFRRVVSPYMSSSGWLCTLTIECGTIICACR
1276	1	YVSGKARG
1277	1	MFTLKKPLLLLLFLATINLSLCEQERNAEEERRDDDERNAEVEKRFLPILGNLLNGLLGK
1278	1	GLRRLFADQLVGRRN
1279	1	MRNDVLTLTNPMEENELEQILGGGNGVLKTISHECNMNTWQFLFTCC
1280	1	LQQLLFIAFRIGRRRRRRRR
1281	1	MFTLKKSLLLLFFLGTINLSLCQDETNAEEERRDEEVAKMEEIKRGLLSGILGAGKHIVCGLSRLC
1282	1	KKAKKFGKAFVK
1283	1	WKWKWKPGKWKWKW
1284	1	PVVGRVASKVFPAVIGLVKK
1285	1	GFFGNAWKKIKGKAEKFFRKKAAKIIAKKEGITKEEAEAKVDPMSKKQIKVYLLKHYGKKALQKASEKL
1286	1	FIGPIISALASLFGG
1287	1	KLKKLWKKLLK
1288	1	GFPCGESCVFIPCISAAIGCSCKNKVCYRN
1289	1	FLSLIPHAINAISAIADHF
1290	1	KKKKKKAAFALWLAFLA
1291	1	DDSVVSAAMSYSHA
1292	1	MFTLKKSLLLLFFLGTISLSLCEQERGADEDEGEAVEEIKRGIFDSIKEGFKNAAVTLLNKIKCKISECPPA
1293	1	GATPEDLNQKLS
1294	1	INVKQIAARLLPPLYSLV
1295	1	WWVFRVVYPRIVYRRVRWTGPKK
1296	1	KRGPNCVGNFLGGLFAGAAAGVPLGPAGIVGGANLGMVGGALTC
1297	1	MSDFTLDFAEGDAADTVSPQITSKSLCTPGCITGWMMCNTVTKGCSFTIGK
1298	1	WVTTSNQW
1299	1	FFARIRGGRAAVLNALGKEEQIGRASNSGRKCARKKK
1300	1	MEEITVKQDIVHYLMENPLVLTKLACGEASLIGVPDKLLPAIVEIFERDLSQSKRCRGIFWEQ
1301	1	CNPMKPLMC
1302	1	RGGRLCYTRPRFTVCVGR
1303	1	SIGSAFKKAAHVGKHVGKAALGAAARRRK
1304	1	MAKWILLIVALLVLSHVPPGSTEFKRCWNGQGACRTFCTRQETFMHLCPDASLCCLSYSFKPSRPSRVGDV
1305	1	KWKKLLKKLLKLLKKLLKKLKKLLK
1306	1	GQHRTKIEELRQHLLRWGLT
1307	1	SKWFTPNHAGCAAHCIFLGNRGGRCVGTVCHCR
1308	1	MFTLKKPLLLLFFLGTINLSLCQEERNAEEERRDDSDEMNAEVEKRFLPVAGVAAEMQHVFCAISKKC
1309	1	FLSTLWNAAKSIF
1310	1	KWRRWIRW
1311	1	HPGTVHVRFKCIPKIAAVFGDNCPFYGNVDGLCNDKKSVCCMVPVRLDNI
1312	1	FDSQQGWFEGWFNRS
1313	1	LCYTRRRFTVCV
1314	1	LLLKKLLKLKLCLKCKK
1315	1	YYYYRRRR
1316	1	LEAIPCSIPPCVGFGKPFVF
1317	1	GILLDKLKNFAKTAGKGVLQSLLNTASCKLSGQC
1318	1	RRFWHRAH
1319	1	FIHHIIGGLISVGKHIHGLIHGH
1320	1	MKLLGLSLLAVTILLCCNMARPEIKKKNVFSKPGYCPEYRVPCPFVLIPKCRRDKGCKDALKCCFFYCQMRCVDPWESPE
1321	1	FLGALVKALSKLL
1322	1	QKKFRVRLSA
1323	1	GLWSTIKQKGKEAAIAAAKAAGQAALNAASEAL
1324	1	AGTSLVKFFSSKMNK
1325	1	MAFLKKSLFLVLFLGLVSLSICDEEKRQDEDDDDDDDEEKRGVFDIIKGAGKQLIAHAMEKIAEKVGLNKDGN
1326	1	WNPFKELERAGQRVRDAIISAGPAVATVGQAAAIARG
1327	1	RRVSRRFMRRYRSRRIRRLV
1328	1	LRKLRKRLVRLASHLRKLRKRLL
1329	1	TTESIVIWGKTPKFKLPIQK
1330	1	FHNHGKQ
1331	1	EQSRKPPNPTPPPPG
1332	1	TRSRWRRFIRGAGRFARRYGWRIA
1333	1	GLPVCGETCVGGTCNTPGCTCSKPVCTRN
1334	1	IAEIQKQGQGQWTYQIYQEP
1335	1	RRWWRWWRR
1336	1	GLWQKIKSAAGDLASGIVEAIKS
1337	1	FHRKKGRGKHK
1338	1	LRKAQEKFGKNKSQSFQL
1339	1	DEMEEC
1340	1	MFTMKKSLLLLFFIGIASSSPCRGKRENEEEAEIEDIKSNTLELSTKWVTTNCTCSDKTTLWNCLIVNRKSSDVKYYLAKCTTDVQ
1341	1	RFRRLRKKFRKRLKKI
1342	1	TCILDRRPASCGTCVRDCWP
1343	1	YGRKKRRQRRR
1344	1	APRKNLKW
1345	1	SLGTPDHYHGGRHSISRGSQSTGPTHPGYNRRNAR
1346	1	GKPTCGETCFKGKCYTPGCTCSYPLCKKD
1347	1	DTRAPLAI
1348	1	KIAGKIAKIAGKIAKIAGKIAKIA
1349	1	KSSAYSLQMGATAIKQVKKLFKKWGW
1350	1	EPCTVGHRRYFTFGG
1351	1	RKKKIKIIKKII
1352	1	MFTLKKSLLLLFFLGTINLSLCEEERNADEERRDDPEERDVEVEKRFLPLLASLFSRLLGK
1353	1	KRKKARCRVYNNGLPTGLYRWC
1354	1	KKAKRRLLKK
1355	1	TRACDVIALLECHLNT
1356	1	MFTMKKSLLLLFFLGAINLSFCQEERNAEEERRDGDDEGSVEVQKRFFPLLFGALSSLLPKLFGK
1357	1	METMKKPLLLLFFLGTISLSLCQDETNAEEERRDEEVAKMEEIKRGLLSGVKGRGKKIVCGLSDKC
1358	1	FISQIISTAI
1359	1	MFTLKKSLLLLFFLGTINLSLCQDETNAEEERRDEEVAKMEEIKRGLLSGILGAGKHTVCGLSGLC
1360	1	RKLPDAPGMHTWGGGGKCSTRGRKCCRRKK
1361	1	MFPLKKSLLLLFFLGTINLSFCQDETNAEEERREEEVAKKEEIKRGLLKGILGAGKHIVCGFSGLC
1362	1	PRRRTPSPRRRRSQSPRRRRS
1363	1	SWLRDIWDWISEVLSDFK
1364	1	GILDIAKKLVGGIRNVLGI
1365	1	FFPIVGKLLRKLF
1366	1	LKWLLKWLK
1367	1	LKKISQ
1368	1	LKKLKFLKKQ
1369	1	KAKKFGKAFVKI
1370	1	ACWWAGIKQEF
1371	1	SGSEAYQGVQQKWDA
1372	1	KILRGVSKKIMRRISKDILTGKK
1373	1	YTSLIHSLIEENQNQQEKNEQELLELDKWASLWNWF
1374	1	TMSLRFWRWKVR
1375	1	QKKIRVRLSW
1376	1	ELKHLGMTAETEWCRLFEGFCHDKNCPPPTSHVGSCHPEKRSCCKDRR
1377	1	GVVDILKGAAKDIAGHLASKVMAKL
1378	1	KWKSFLKKLTSAAKKVLTTALKPISS
1379	1	CTPDKKSFC
1380	1	GIGRKFLGGVKTTFRGGVKDFASKHLY
1381	1	AIPWIWIWWLLRKG
1382	1	LGNWAREIWATL
1383	1	MFTMKKPLLLLFFLGTISLSLCEEERDADEEEGSENGAEDIKLNRVVKCSYRPGSPDSRCK
1384	1	MFTMKKSLLLLFFLGTINLSLCEQERDADEEERRDDPEERDVEVEKRFLPLLAGLAVNFLPKLFCKITRKC
1385	1	TWLRAIWDWVCTALTDFK
1386	1	KKLFKKILKYLAGPAKKLFKKILKYLAGPAKDWEHLKDWEHLKDWEHLKDEL
1387	1	PWLKPGDLDL
1388	1	MFTLKKPLLLLFFLGTINLSFCQDETNAEEERRDEEVAKEEEIKRMSKHLQSMRIGNLYLPVGRQEA
1389	1	LESEVTAIKNALKKTNEAVSTLGNGVRVLATAVRE
1390	1	GIRRILKYGKRS
1391	1	GFFLNALKNFAKTAGKRLKSLLNHASCKLSGQC
1392	1	FGVLAKVAAHVVPAIAEHF
1393	1	MFTSKKSMLLLFFLGMISMSLCQDERGADEDDGGEMTEEEKRGAFGDLLKGVAKEAGMKLLNMAQCKLSGKC
1394	1	IGKKFKRIVQRIKKFLRNL
1395	1	ECYCRRRFCVCVGR
1396	1	SAVGRHLRRFLLRKHRKH
1397	1	RWRWWRWRR
1398	1	LLPIVGNLLKSLLGWKRKAFG
1399	1	WLLINR
1400	1	TLVGVVAKLVATKIGSSPRA
1401	1	GFFGNTWKKIKGKADKIMLKKAVKIMVKKEGISKEEAQAKVDAMSKKQIRLYLLKHYGKKLFKKRPKNCDQ
1402	1	WKRWWKKWR
1403	1	MFTLKKSLLLLFFLGTINLSLCEQGRDADEEERRDDPEERDVELEKRFLPLIGGILSQLLGK
1404	1	MFPMKKSLLLLFFLGTISLSFCQDETNAEEERRDEEVAKMEEIKRGLLTGVKGRGKKIVCGLSGLC
1405	1	FLPKTLRKFFARIRGGRAAVLNALGKEEQIGRASNSGRKAARKKK
1406	1	FDVIKKVASVIGGL
1407	1	SARLGNFFRKVKEKIGGGLKKVGQKIKDFLGNLVPRTAS
1408	1	GLFSVLGSVAKHLLPHVVPVIAEK
1409	1	MFTMKKSLLLLFFLGTISLSLCEEERDADEDDGVEVTEEEVKRGLLDTIKNMAINAAKGAGVSVLNALSCKLSKTC
1410	1	RKRLKWWIY
1411	1	MKPFLVTLAVLLLFFQVTAVGSIEKCWNFRGSCRDECLKNEKVYVFCMSGKLCCLKPKDQPHLPQRTKN
1412	1	KPKGMTSSQWFKIQHMQPSPQACNSAMKNINKHTKRCKDLNTFLHEPFSSVAATCQTPKIACKNGDKNCHQSHGAVSLTMCKL
1413	1	ECMWCP
1414	1	MFTLKKSLLLLFFLGTISLSLCEQKRGADEDEGEAVEEIKRGLWDSVKEGLKNAAVTILNKIKCKISECPPA
1415	1	MNKKNILPQLGQPVIRLTAGQLSSQLAELSEEALGGVDASTLPVPTLCSYDGVDASTVPTLCSYDD
1416	1	GIGTAQCAYFKALCYSGGSEWLGGYGGCGSTQNNCELARKYC
1417	1	CCFLNITNSHVSILQERPPLENRVLTGWGL
1418	1	ITACITFC
1419	1	GIFSKFGGKAIKNLFIKGAKNIGKEVGMDVIRTGIDVAGCKIKGEC
1420	1	ILPWKWAWWPWRR
1421	1	RKRLRKFRNKIKEKLKKIGQKI
1422	1	RVVRVVRRWVRR
1423	1	FVQWFSKFLGRI
1424	1	INLKAIAAFAKKLL
1425	1	GLFAVIKKVASVIG
1426	1	MFTLKKPLLLLFFLGTINLSLCQEERNAEEERRDDSDEMNAEVEKRFLPAVIRVAANVLPTVFCAISK
1427	1	LGEWYNQTKDLQQKFYEIIMDIEQNNVQGKKGIQQ
1428	1	KRRKAIKILKLIAKAIRKKR
1429	1	FQWQRNPRKVR
1430	1	MFTMKKSLLLLFFLGTISLSLCQEERDANEEEENGGEVKEEEKRRIGSFLGALASKLPTLISWIKNRG
1431	1	LSNIKKIKCNGTDAKVK
1432	1	GFFGNTWKKIKGKADKIMLKKAVKIMVKKEGIFKEEAQAKVDAMSKKQIRLYLLKYYGKKALQKASEKL
1433	1	VSVKKVLPFAPLKSLLSFAF
1434	1	RRGHYY
1435	1	TWAGVEAIIRILQQL
1436	1	EKAAAKSAAAKTLARR
1437	1	LRRLWLRANRL
1438	1	GGLKKLGKKLEGVGKRVFKASEKALPVLTGYKAI
1439	1	RRRRRYRYWRRGLTIQGRPKSLPLNTGD
1440	1	HCKFWE
1441	1	SCTTSGCACSSSSS
1442	1	LKRLYKRLAKLIKRLYRYLKKPVR
1443	1	CKSTSNVYC
1444	1	FLFNVIPHAINATASLIKK
1445	1	SQSSVDKLNWYKQRK
1446	1	KWKLFKKIGPGKFLHSAKKF
1447	1	RSPPQCQYTNCAAVLCPAVYCANAYTPPCGCCDICPPQKYGGGYRPR
1448	1	GLLDLAKHVIGIASKL
1449	1	SCVASACASSS
1450	1	AFKQSPPAIPALGTN
1451	1	WKWKWKWKPGKWKWKWKW
1452	1	TATELNNAL
1453	1	IKKWLSKIKKLLK
1454	1	FLSFPTTKTYFPH
1455	1	LEAIPMSIPPEVAFNKPFVF
1456	1	CNTSSTPHC
1457	1	GNHILSLVQNAPYGLYFIHFSW
1458	1	FRKSKEKIGKEFKRI
1459	1	MKIHVFLFVLFFFLVPIATRVKCAVKDTYSCFIMRGKCRHECHDFEKPIGFCTKLNANCYM
1460	1	MMNWSPTAALVVAQLLRI
1461	1	VKRALSALKPKNKRFIGGIISFIKKLFG
1462	1	MNINPYPLFIDVPIQ
1463	1	APQMKTREVAERTHKCSLVRGTCKSECNSWEYKYNYCHTEPCCVVREYKRMEKLLSTPKYTT
1464	1	LQKYYARVRGGRAAVLSALPKEEQIGKASTRGRKAARRKK
1465	1	LVQRFHAYLHKFREAFMNVGAAAAVEGTKAA
1466	1	TSAQITAAVALVEAKQARSDIEKLKEAIRDTNKAV
1467	1	FWNWLSAWIKKTYEEIKKTYEEIKKTYEEIERDWEMV
1468	1	GLLRRLRKKIGEIFKKYG
1469	1	NIILWG
1470	1	CTEEHIVATELVIQEMYIKINVKNSP
1471	1	MFTLKKSLLLLFFLGTINLSLCQDETNAEEERRDEEVAKMEEIKRGIISGLLGAGKKIVCGLSGLC
1472	1	AISYGNGVYCNKEKCWVNKAENKQAITGIVIGGWASSLAGMGH
1473	1	AECVVSCSMSYTKA
1474	1	MDTKIMEQFHEMDITMLSSIEGGKNNWQTNVLEGGGAAFGGWGLGTAICAASGVGAPFMGACGYIGAKFGVALWAGVTGATGGF
1475	1	KALAKALAKLWKALAKAA
1476	1	GEILCNLCTGLINTLENLLTTKGADKVK
1477	1	MESQSNAVQLMLGFGTFVLMLLGLVVELIKNSNKK
1478	1	PPLPSVTKLTEDRWN
1479	1	FPTICAC
1480	1	KKSCHTGLDRSAGWVIPIGTLVKKAILPWDRK
1481	1	MFTMKKSLLVLFFLGIVSLSLCQEERSAGDDEGEVIEEEVKRGFMDTAKNAAKNVAVTLLDKLKCKITGGC
1482	1	NSKRACYREGGECLQRCIGLFHKIGTCNFRFKCCKFQIPEKKTKIL
1483	1	LKKFKKKKLQ
1484	1	FCQAIGWGDPITHWSHGQ
1485	1	ESKAAKAAKKAAKAKASE
1486	1	ILKKLLEGVKSI
1487	1	VCDKMKILRGVCKKIMRSFLRR
1488	1	GRDYRTSLTIVQKLKKMVDKPTQRSVSNAATRVSR
1489	1	GVSKILHSAGKFGKAFLGEIMKS
1490	1	GLKDWWNKHKDKIIAVAKEMGKAGLQAA
1491	1	MKVNVLLAVFLVVMVVTDHCHALFGLIPSMMGGLVSAFKGRRKLQMEARFQPQNKNYRKRELDLENLFTHMPDY
1492	1	KYYGNGVHCGKHSCTVDWGTAITCIGNNAAANWATGGNAGWNKC
1493	1	MFTLKKTLLLLFFLGIVSSSLCEEEGDVDEEENGGDVTQIEVKRKASNALKDMCKKMNYKAPFCAGLKPQ
1494	1	FTCDVLGFEIAGTKLNSAACGAHCLALGRRGGYCNSKSVCVCR
1495	1	LKLKKCCLLLLKKLKK
1496	1	KWKSFLKTFKSAKKTVLHTALKLISS
1497	1	LVQRGRFGRFLRKIRRFRPKVTITIQGSARFG
1498	1	GSHTEHTTYAADRFK
1499	1	IGGYCSWLR
1500	1	MFTLKKSLLLLFFLGTISLSLCEQERDAEEEEGSENGAEDIKLNRVFKCSYRLGSPISRCN
1501	1	EARKLNPNAIASVTV
1502	1	TDVILMCFSIDSADSLENI
1503	1	SFGGKVGHSACAANCLSMGKAGGRCNGGVCQCR
1504	1	MFTLKKSLLLLFFLGTINLSLCEEERDADEEERRDDPDEMNVEVEKRFLPLVGKILSGLIGK
1505	1	MFPMKKSLLLLFFLGTINLFFCQEERNAEEERRDDSDEMNQKRKNDFCQLLYVWLVMFCQQCFVQFFKNVET
1506	1	SCTTSGCACSSSSSSSS
1507	1	IIPLPLGYFAKKP
1508	1	ATQSHQ
1509	1	KWRRLIRWL
1510	1	RRRRHWCW
1511	1	WWRRRRRRRR
1512	1	TRNLLTTPKFTVAWD
1513	1	YTSLIHSLIEEWQNQQEKNEQELLELDKWASLWNWF
1514	1	FISAIASFLGKF
1515	1	ATYYGNGVYCNKQKCWVDWSRARSEIIDRGVKAYVNGFTKVLGGIGGR
1516	1	MKQYKVLNEKEMKKTIGGESVFSKIGNAVGPAAYWILKGLGNMSDVNQADRINRKKH
1517	1	AAHCLAIGRK
1518	1	MFTLKKSLLLLFFLGTISLSLCEEARNAEEERRDYPEERDVEVEKRIIPLPLGYFAKKP
1519	1	AGKKTIRQYLKNKIKKKGRKWVIAW
1520	1	NHTTWMEWDREINNYTSLIHSLIEESQNQQEKNEQELLELDKW
1521	1	PPPVIKFNRPFLMWIVERDTRSILFMGKIVNPKAP
1522	1	KKAAAIAAAAAIAAWAAIAAAKKKK
1523	1	KQRQQLFDSQQGWFEGWFNRSPWFT
1524	1	ITVSAC
1525	1	GLFKVLGSVAKHLLPHVAPIIAEK
1526	1	MFTLKKSLLLLFFLGTINLSLCEQERDADEEERRDDPEERDVEVEKRFLPLFASLAANLLPKIICKIAKKC
1527	1	AIFIFIRWLLKLGHHGRAPP
1528	1	TITLSTCAILSKPLGNNGYLCTVTKECMPSCN
1529	1	MKTQFVILIVAVVLLQLIANSEAFLSTLWNAAKSIFGKRGLRNLDNLDDDIFEPEMSEADLRYLQDLLR
1530	1	WHSQRLSPVPPA
1531	1	CGPSLRGVC
1532	1	CNSPKGKPC
1533	1	RDVCRNFMRRYQSRVIQGLV
1534	1	GRCVCRKQLLCSYRERRIGDCKIRGVRFPFCCPR
1535	1	GLRKRLRKFRNKPKEKLKKIGQKIQGLLPKLAPRTDY
1536	1	GEDLAF
1537	1	WNSLKIDNADV
1538	1	RAIGGGLSSVGGGSSTIKY
1539	1	WNSLKIDNLAV
1540	1	ADGAHRSLLGRMKGA
1541	1	QRSVSNAATRVCRTGRSRW
1542	1	KKKKLLLAFLFLF
1543	1	VALNENLLR
1544	1	NVALDQVFESIENSQALVDQSNRILSSA
1545	1	MFTMKKPLLLLFFLGTINLSLCQEERNAEEERRDDSDEMSAEVEKRFLPAVIRVAANVLPTVFCAISKKC
1546	1	GIADILKYGKPS
1547	1	MKFLFLFLAILLATKIPVISGKRHNLRCMGNSGICRASCKKNEQPYLYCRNYQACCLQSYMRISISGKEENTDWSYEKQWPRLP
1548	1	MFTMRKSLLVLFFLGTISLSLCQEERAADEEDNGEVEEVKRGLFTLIKGAAKLIGKTVAKEAGKTGLELMACKITNQC
1549	1	KKKKKKALFAAWAAFLA
1550	1	KRKRRR
1551	1	HMNASDMEIKSYINMIESVEESSNYDF
1552	1	GWLRKAAKSVGKFYYKHKYYIKAAWKIGRHALG
1553	1	GLDTVSFSTKGATYITYVNFLNELRVKTKPEGNSHGIPSLRKSSDDPGSSFVVAG
1554	1	GLRKRLRKFRNKIKEKPKKIGQKIQGLLPKLAPRTDY
1555	1	MFTLKKSLLLLFFLGTINLSLCKEERDADEERRDDPDKRDVEVEKRFLSGILKLASKIPSVLVQF
